frame_id,ram_address,offset_bytes,offset_position,preceding_op,preceding_op_family,known_structured_load,context_start,context_bytes
0x0C9,0x03FF3E6B,6B3E,0x112210,8A57,known-load-family,yes,0x112208,7F 00 40 56 FF 03 8A 57 6B 3E 7F 00 40 56 FF 03 EA 57
0x0C9,0x03FF3F91,913F,0x0035E8,0000,other,no,0x0035E0,00 EA 1D 88 51 8E 00 00 91 3F F5 16 6F 3A C9 15 1D 70
0x0C9,0x03FF3F91,913F,0x0387BC,CA89,other,no,0x0387B4,95 25 1D 30 1D 88 CA 89 91 3F 01 00 01 42 BF FF 14 FF
0x0C9,0x03FF3F91,913F,0x0387E4,CA89,other,no,0x0387DC,B5 F5 1D 30 1D 88 CA 89 91 3F 01 00 20 46 13 00 B5 ED
0x0C9,0x03FF3F91,913F,0x100764,0200,other,no,0x10075C,06 2D 1D 88 51 8E 02 00 91 3F 79 DD E0 39 C2 05 1D 30
0x0C9,0x03FF3F91,913F,0x101212,D789,other,no,0x10120A,61 B2 AA 0D 1C 88 D7 89 91 3F 01 00 1C 30 9D 39 87 00
0x0C9,0x03FF3F91,913F,0x10137A,D789,other,no,0x101372,80 FF 3E 26 1C 88 D7 89 91 3F 01 00 1C 30 9D 39 87 00
0x0C9,0x03FF3F91,913F,0x1120E6,AA57,known-load-family,yes,0x1120DE,7F 00 40 56 FF 03 AA 57 91 3F 7F 00 40 56 FF 03 EA 57
0x0C9,0x03FF8391,9183,0x087DC4,908B,other,no,0x087DBC,95 7F 01 00 00 52 90 8B 91 83 92 7B 06 F0 18 02 0A 02
0x0C9,0x03FF8391,9183,0x117B44,AA57,known-load-family,yes,0x117B3C,20 02 40 56 00 04 AA 57 91 83 7F 00 40 56 00 04 8A 57
0x0C9,0x03FF8391,9183,0x118146,8A57,known-load-family,yes,0x11813E,7F 00 40 56 00 04 8A 57 91 83 7F 00 40 56 00 04 8A 57
0x0C9,0x03FF83EB,EB83,0x0169B8,3000,other,no,0x0169B0,CC 83 FF 03 02 00 30 00 EB 83 FF 03 01 00 10 00 DE 83
0x0C9,0x03FF83EB,EB83,0x117B80,AA57,known-load-family,yes,0x117B78,7F 00 40 56 00 04 AA 57 EB 83 7F 00 40 56 00 04 8A 57
0x0C9,0x03FF83EB,EB83,0x117F8A,8A57,known-load-family,yes,0x117F82,7F 00 40 56 00 04 8A 57 EB 83 7F 00 40 56 00 04 AA 57
0x0C9,0x03FF84BB,BB84,0x048494,4417,other,no,0x04848C,E5 87 81 68 04 12 44 17 BB 84 44 07 BA 84 7D 87 08 00
0x0C9,0x03FF84BB,BB84,0x0484FA,4417,other,no,0x0484F2,BF FF D6 FE 02 12 44 17 BB 84 44 07 BA 84 44 07 B9 84
0x0C9,0x03FF84BB,BB84,0x04854A,848F,possible-write-or-bitop-family,no,0x048542,00 52 20 02 0A 02 84 8F BB 84 06 E8 61 8A 9A 15 05 3A
0x0C9,0x03FF84BB,BB84,0x048560,4417,other,no,0x048558,01 12 5D 17 10 00 44 17 BB 84 02 12 44 17 BC 84 0E 12
0x0C9,0x03FF84BB,BB84,0x048690,4417,other,no,0x048688,44 07 BA 84 03 12 44 17 BB 84 7D 6F 05 00 02 12 85 67
0x0C9,0x03FF84BB,BB84,0x048706,4417,other,no,0x0486FE,E5 87 81 68 04 12 44 17 BB 84 44 07 BA 84 7D 87 08 00
0x0C9,0x03FF84BB,BB84,0x04882C,4407,other,no,0x048824,B9 84 44 07 BA 84 44 07 BB 84 44 07 BC 84 44 07 BD 84
0x0C9,0x03FF84BB,BB84,0x048972,4457,known-load-family,no,0x04896A,44 07 BA 84 03 52 44 57 BB 84 85 6F 55 69 02 52 44 57
0x0C9,0x03FF84BB,BB84,0x0489C6,A487,possible-write-or-bitop-family,no,0x0489BE,B2 05 80 07 26 02 A4 87 BB 84 61 82 F2 0D A5 7F 33 69
0x0C9,0x03FF84BB,BB84,0x048A24,4417,other,no,0x048A1C,44 07 B8 84 01 12 44 17 BB 84 02 12 44 17 BC 84 80 07
0x0C9,0x03FF84BB,BB84,0x048BEA,4417,other,no,0x048BE2,5D 07 14 00 02 12 44 17 BB 84 44 07 BA 84 44 07 B9 84
0x0C9,0x03FF84BB,BB84,0x048C50,4417,other,no,0x048C48,09 00 44 07 BA 84 44 17 BB 84 61 72 82 65 80 07 80 01
0x0C9,0x03FF84BB,BB84,0x049352,A4E7,other,no,0x04934A,09 02 84 8F D9 84 A4 E7 BB 84 06 E8 61 8A B2 05 80 07
0x0C9,0x03FF84BB,BB84,0x049792,A45F,possible-write-or-bitop-family,no,0x04978A,C0 84 44 07 D8 84 A4 5F BB 84 A4 7F 1B 85 EB 79 92 1D
0x0C9,0x03FF84BB,BB84,0x049A6A,8457,known-load-family,yes,0x049A62,9F 5F 09 00 07 5D 84 57 BB 84 09 55 A4 8F BB 84 0B 8D
0x0C9,0x03FF84BB,BB84,0x049A70,A48F,possible-write-or-bitop-family,no,0x049A68,84 57 BB 84 09 55 A4 8F BB 84 0B 8D A4 87 B9 84 02 48
0x0C9,0x03FF84BB,BB84,0x049B58,848F,possible-write-or-bitop-family,no,0x049B50,82 57 09 00 07 55 84 8F BB 84 09 8D A4 87 BB 84 0B 85
0x0C9,0x03FF84BB,BB84,0x049B5E,A487,possible-write-or-bitop-family,no,0x049B56,84 8F BB 84 09 8D A4 87 BB 84 0B 85 A4 7F B9 84 0D 7D
0x0C9,0x03FF84BB,BB84,0x049C42,848F,possible-write-or-bitop-family,no,0x049C3A,82 57 09 00 07 55 84 8F BB 84 09 8D A4 87 BB 84 0B 85
0x0C9,0x03FF84BB,BB84,0x049C48,A487,possible-write-or-bitop-family,no,0x049C40,84 8F BB 84 09 8D A4 87 BB 84 0B 85 A4 7F B9 84 0D 7D
0x0C9,0x03FF84BB,BB84,0x049D2C,848F,possible-write-or-bitop-family,no,0x049D24,82 57 09 00 07 55 84 8F BB 84 09 8D A4 87 BB 84 0B 85
0x0C9,0x03FF84BB,BB84,0x049D32,A487,possible-write-or-bitop-family,no,0x049D2A,84 8F BB 84 09 8D A4 87 BB 84 0B 85 A4 7F B9 84 0D 7D
0x0C9,0x03FF84BB,BB84,0x049E16,848F,possible-write-or-bitop-family,no,0x049E0E,82 57 09 00 07 55 84 8F BB 84 09 8D A4 87 BB 84 0B 85
0x0C9,0x03FF84BB,BB84,0x049E1C,A487,possible-write-or-bitop-family,no,0x049E14,84 8F BB 84 09 8D A4 87 BB 84 0B 85 A4 7F B9 84 0D 7D
0x0C9,0x03FF84BB,BB84,0x049EFC,8457,known-load-family,yes,0x049EF4,82 5F 09 00 07 5D 84 57 BB 84 09 55 A4 8F BB 84 0B 8D
0x0C9,0x03FF84BB,BB84,0x049F02,A48F,possible-write-or-bitop-family,no,0x049EFA,84 57 BB 84 09 55 A4 8F BB 84 0B 8D A4 87 B9 84 0D 85
0x0C9,0x03FF84BB,BB84,0x049FE6,848F,possible-write-or-bitop-family,no,0x049FDE,82 57 09 00 07 55 84 8F BB 84 09 8D A4 87 BB 84 0B 85
0x0C9,0x03FF84BB,BB84,0x049FEC,A487,possible-write-or-bitop-family,no,0x049FE4,84 8F BB 84 09 8D A4 87 BB 84 0B 85 A4 7F B9 84 0D 7D
0x0C9,0x03FF84BB,BB84,0x04A0F6,846F,possible-write-or-bitop-family,no,0x04A0EE,82 77 09 00 07 75 84 6F BB 84 09 6D A4 67 BB 84 8A 00
0x0C9,0x03FF84BB,BB84,0x04A0FC,A467,possible-write-or-bitop-family,no,0x04A0F4,84 6F BB 84 09 6D A4 67 BB 84 8A 00 0B 65 A4 5F B9 84
0x0C9,0x03FF84BB,BB84,0x04A1E2,848F,possible-write-or-bitop-family,no,0x04A1DA,82 57 09 00 07 55 84 8F BB 84 09 8D A4 87 BB 84 0B 85
0x0C9,0x03FF84BB,BB84,0x04A1E8,A487,possible-write-or-bitop-family,no,0x04A1E0,84 8F BB 84 09 8D A4 87 BB 84 0B 85 A4 7F B9 84 0D 7D
0x0C9,0x03FF84BB,BB84,0x04A2DA,848F,possible-write-or-bitop-family,no,0x04A2D2,82 57 09 00 07 55 84 8F BB 84 09 8D A4 87 BB 84 0B 85
0x0C9,0x03FF84BB,BB84,0x04A2E0,A487,possible-write-or-bitop-family,no,0x04A2D8,84 8F BB 84 09 8D A4 87 BB 84 0B 85 A4 7F B9 84 0D 7D
0x0C9,0x03FF84BB,BB84,0x04A3C2,848F,possible-write-or-bitop-family,no,0x04A3BA,82 57 09 00 07 55 84 8F BB 84 09 8D A4 87 BB 84 0B 85
0x0C9,0x03FF84BB,BB84,0x04A3C8,A487,possible-write-or-bitop-family,no,0x04A3C0,84 8F BB 84 09 8D A4 87 BB 84 0B 85 A4 7F B9 84 0D 7D
0x0C9,0x03FF84BB,BB84,0x04A4AC,848F,possible-write-or-bitop-family,no,0x04A4A4,82 57 09 00 07 55 84 8F BB 84 09 8D A4 87 BB 84 0B 85
0x0C9,0x03FF84BB,BB84,0x04A4B2,A487,possible-write-or-bitop-family,no,0x04A4AA,84 8F BB 84 09 8D A4 87 BB 84 0B 85 A4 7F B9 84 0D 7D
0x0C9,0x03FF84BB,BB84,0x04A5D6,8457,known-load-family,yes,0x04A5CE,9F 5F 09 00 07 5D 84 57 BB 84 09 55 A4 8F BB 84 0B 8D
0x0C9,0x03FF84BB,BB84,0x04A5DC,A48F,possible-write-or-bitop-family,no,0x04A5D4,84 57 BB 84 09 55 A4 8F BB 84 0B 8D A4 87 B9 84 0D 85
0x0C9,0x03FF84BB,BB84,0x04A6D8,847F,possible-write-or-bitop-family,no,0x04A6D0,82 87 09 00 07 85 84 7F BB 84 09 7D A4 77 BB 84 0B 75
0x0C9,0x03FF84BB,BB84,0x04A6DE,A477,possible-write-or-bitop-family,no,0x04A6D6,84 7F BB 84 09 7D A4 77 BB 84 0B 75 A4 6F B9 84 0D 6D
0x0C9,0x03FF84BB,BB84,0x04A7F2,845F,possible-write-or-bitop-family,no,0x04A7EA,82 67 09 00 86 8B 84 5F BB 84 A4 57 BB 84 8A 63 85 77
0x0C9,0x03FF84BB,BB84,0x04A7F6,A457,known-load-family,yes,0x04A7EE,86 8B 84 5F BB 84 A4 57 BB 84 8A 63 85 77 75 69 8C 5B
0x0C9,0x03FF84BB,BB84,0x04AB10,8487,possible-write-or-bitop-family,no,0x04AB08,82 8F 09 00 07 8D 84 87 BB 84 09 85 A4 7F BB 84 0B 7D
0x0C9,0x03FF84BB,BB84,0x04AB16,A47F,possible-write-or-bitop-family,no,0x04AB0E,84 87 BB 84 09 85 A4 7F BB 84 0B 7D A4 77 B9 84 0D 75
0x0C9,0x03FF84BB,BB84,0x04B37C,A46F,possible-write-or-bitop-family,no,0x04B374,1D 85 62 72 E2 1D A4 6F BB 84 63 6A A2 1D 40 66 FF 03
0x0C9,0x03FF84BB,BB84,0x04B3B6,A477,possible-write-or-bitop-family,no,0x04B3AE,66 7A AA 05 01 12 A4 77 BB 84 5C 17 04 00 5C 07 05 00
0x0C9,0x03FF84BB,BB84,0x111C6E,8457,known-load-family,yes,0x111C66,85 57 F1 6C 7F 00 84 57 BB 84 7F 00 A4 57 B7 84 7F 00
0x0C9,0x03FF84BB,BB84,0x111CCE,A457,known-load-family,yes,0x111CC6,A4 57 B9 84 7F 00 A4 57 BB 84 7F 00 84 57 BD 84 7F 00
0x0C9,0x03FF84BB,BB84,0x117D54,AA57,known-load-family,yes,0x117D4C,20 02 40 56 00 04 AA 57 BB 84 7F 00 40 56 00 04 8A 57
0x0C9,0x03FF84D5,D584,0x049248,4407,other,no,0x049240,D3 84 44 07 D4 84 44 07 D5 84 44 07 D6 84 44 07 D7 84
0x0C9,0x03FF84D5,D584,0x0493A2,8417,other,no,0x04939A,D3 84 44 17 D2 84 84 17 D5 84 44 17 D3 84 A4 17 D5 84
0x0C9,0x03FF84D5,D584,0x0493AA,A417,other,no,0x0493A2,D5 84 44 17 D3 84 A4 17 D5 84 44 17 D4 84 84 17 D7 84
0x0C9,0x03FF84D5,D584,0x0493B6,4417,other,no,0x0493AE,D4 84 84 17 D7 84 44 17 D5 84 A4 17 D7 84 44 17 D6 84
0x0C9,0x03FF84D5,D584,0x049844,4407,other,no,0x04983C,D7 84 44 07 D6 84 44 07 D5 84 44 07 D4 84 44 07 D3 84
0x0C9,0x03FF84D5,D584,0x0D5809,7AB2,other,no,0x0D5801,12 5D 17 21 00 62 7A B2 D5 84 FF DE 20 85 D5 C2 76 04
0x0C9,0x03FF84D5,D584,0x111E24,8457,known-load-family,yes,0x111E1C,A4 57 D3 84 7F 00 84 57 D5 84 7F 00 A4 57 D5 84 7F 00
0x0C9,0x03FF84D5,D584,0x111E2A,A457,known-load-family,yes,0x111E22,84 57 D5 84 7F 00 A4 57 D5 84 7F 00 84 57 D7 84 7F 00
0x0C9,0x03FF84D7,D784,0x049250,4407,other,no,0x049248,D5 84 44 07 D6 84 44 07 D7 84 44 07 D8 84 44 07 D9 84
0x0C9,0x03FF84D7,D784,0x0493B2,8417,other,no,0x0493AA,D5 84 44 17 D4 84 84 17 D7 84 44 17 D5 84 A4 17 D7 84
0x0C9,0x03FF84D7,D784,0x0493BA,A417,other,no,0x0493B2,D7 84 44 17 D5 84 A4 17 D7 84 44 17 D6 84 E4 17 FD 84
0x0C9,0x03FF84D7,D784,0x049516,444F,other,no,0x04950E,04 85 84 57 15 85 44 4F D7 84 84 7F 11 85 44 87 13 85
0x0C9,0x03FF84D7,D784,0x04983C,4407,other,no,0x049834,BA 7D 5D 07 05 00 44 07 D7 84 44 07 D6 84 44 07 D5 84
0x0C9,0x03FF84D7,D784,0x111E30,8457,known-load-family,yes,0x111E28,A4 57 D5 84 7F 00 84 57 D7 84 7F 00 A4 57 D7 84 7F 00
0x0C9,0x03FF84D7,D784,0x111E36,A457,known-load-family,yes,0x111E2E,84 57 D7 84 7F 00 A4 57 D7 84 7F 00 A4 57 D9 84 7F 00
0x3D1,0x03FF83D7,D783,0x117F44,AA57,known-load-family,yes,0x117F3C,7F 00 40 56 00 04 AA 57 D7 83 7F 00 40 56 00 04 8A 57
0x3D1,0x03FF83D7,D783,0x117F4E,8A57,known-load-family,yes,0x117F46,7F 00 40 56 00 04 8A 57 D7 83 7F 00 40 56 00 04 AA 57
0x3D1,0x03FF83D9,D983,0x0D9E85,FF04,other,no,0x0D9E7D,12 5D 17 05 00 83 FF 04 D9 83 FF 00 DC D5 05 5D 07 05
0x3D1,0x03FF83D9,D983,0x117F30,AA57,known-load-family,yes,0x117F28,7F 00 40 56 00 04 AA 57 D9 83 7F 00 40 56 00 04 8A 57
0x3D1,0x03FF83D9,D983,0x117F3A,8A57,known-load-family,yes,0x117F32,7F 00 40 56 00 04 8A 57 D9 83 7F 00 40 56 00 04 AA 57
0x3D1,0x03FF83DB,DB83,0x0D9E93,FF5A,other,no,0x0D9E8B,05 5D 07 05 00 83 FF 5A DB 83 FF A8 D9 02 12 A5 0D 24
0x3D1,0x03FF83DB,DB83,0x0D9EE1,FF74,other,no,0x0D9ED9,02 0A 02 06 E8 83 FF 74 DB 83 FF A8 D9 02 12 5D 17 0D
0x3D1,0x03FF83DB,DB83,0x117F1C,AA57,known-load-family,yes,0x117F14,7F 00 40 56 00 04 AA 57 DB 83 7F 00 40 56 00 04 8A 57
0x3D1,0x03FF83DB,DB83,0x117F26,8A57,known-load-family,yes,0x117F1E,7F 00 40 56 00 04 8A 57 DB 83 7F 00 40 56 00 04 AA 57
0x3D1,0x03FF83DD,DD83,0x016A08,1000,other,no,0x016A00,E3 83 FF 03 01 00 10 00 DD 83 FF 03 01 00 10 00 40 84
0x3D1,0x03FF83DD,DD83,0x0D83CA,4117,other,no,0x0D83C2,01 12 40 0E 00 04 41 17 DD 83 7F 00 0A 02 24 EF 81 80
0x3D1,0x03FF83DD,DD83,0x0EA56C,2F7F,possible-write-or-bitop-family,no,0x0EA564,0A E9 40 7E 02 00 2F 7F DD 83 9D 00 1B 30 3F 06 7A A5
0x3D1,0x03FF83DD,DD83,0x117F76,8A57,known-load-family,yes,0x117F6E,7F 00 40 56 00 04 8A 57 DD 83 7F 00 40 56 00 04 8A 57
0x3D1,0x03FF8431,3184,0x016A48,3000,other,no,0x016A40,24 84 FF 03 04 00 30 00 31 84 FF 03 01 00 10 00 80 84
0x3D1,0x03FF8431,3184,0x0D50A0,AF7F,possible-write-or-bitop-family,no,0x0D5098,BA 25 40 7E 00 04 AF 7F 31 84 E0 79 DA 1D 84 77 57 82
0x3D1,0x03FF8431,3184,0x0D514E,AD6F,possible-write-or-bitop-family,no,0x0D5146,9A 15 40 6E 00 04 AD 6F 31 84 61 6A B2 05 66 6A 9A 0D
0x3D1,0x03FF8431,3184,0x0D5E2C,4117,other,no,0x0D5E24,06 12 40 0E 00 04 41 17 31 84 7F 00 40 0E 00 04 41 07
0x3D1,0x03FF8431,3184,0x0EA86A,2F7F,possible-write-or-bitop-family,no,0x0EA862,0A E9 40 7E 02 00 2F 7F 31 84 9D 00 1B 30 3F 06 78 A8
0x3D1,0x03FF8431,3184,0x117E22,AA57,known-load-family,yes,0x117E1A,7F 00 40 56 00 04 AA 57 31 84 7F 00 40 56 00 04 AA 57
0x3D1,0x03FF8431,3184,0x117E40,8A57,known-load-family,yes,0x117E38,7F 00 40 56 00 04 8A 57 31 84 7F 00 40 56 00 04 AA 57
0x3D1,0x03FF84AF,AF84,0x04D490,A437,other,no,0x04D488,91 85 E0 E1 AA 0D A4 37 AF 84 8A FF 4E 7A 44 57 AF 84
0x3D1,0x03FF84AF,AF84,0x04D498,4457,known-load-family,no,0x04D490,AF 84 8A FF 4E 7A 44 57 AF 84 01 12 5D 17 08 00 5D 07
0x3D1,0x03FF84AF,AF84,0x04D4D8,4407,other,no,0x04D4D0,1C 33 E0 51 82 1D 44 07 AF 84 44 07 A9 84 44 07 B0 84
0x3D1,0x03FF84AF,AF84,0x04D83C,4407,other,no,0x04D834,48 01 44 07 1E 85 44 07 AF 84 5D 07 08 00 01 12 5D 17
0x3D1,0x03FF84AF,AF84,0x111C2C,8457,known-load-family,yes,0x111C24,24 57 0D 82 7F 00 84 57 AF 84 7F 00 A4 57 AD 84 7F 00
0x3D1,0x03FF84AF,AF84,0x111CB6,A457,known-load-family,yes,0x111CAE,84 57 A9 84 7F 00 A4 57 AF 84 7F 00 A4 57 19 85 7F 00
0x3D1,0x03FF84AF,AF84,0x117DD8,AA57,known-load-family,yes,0x117DD0,16 02 40 56 00 04 AA 57 AF 84 7F 00 00 02 80 FF 34 2C
0x3D1,0x03FF84BB,BB84,0x048494,4417,other,no,0x04848C,E5 87 81 68 04 12 44 17 BB 84 44 07 BA 84 7D 87 08 00
0x3D1,0x03FF84BB,BB84,0x0484FA,4417,other,no,0x0484F2,BF FF D6 FE 02 12 44 17 BB 84 44 07 BA 84 44 07 B9 84
0x3D1,0x03FF84BB,BB84,0x04854A,848F,possible-write-or-bitop-family,no,0x048542,00 52 20 02 0A 02 84 8F BB 84 06 E8 61 8A 9A 15 05 3A
0x3D1,0x03FF84BB,BB84,0x048560,4417,other,no,0x048558,01 12 5D 17 10 00 44 17 BB 84 02 12 44 17 BC 84 0E 12
0x3D1,0x03FF84BB,BB84,0x048690,4417,other,no,0x048688,44 07 BA 84 03 12 44 17 BB 84 7D 6F 05 00 02 12 85 67
0x3D1,0x03FF84BB,BB84,0x048706,4417,other,no,0x0486FE,E5 87 81 68 04 12 44 17 BB 84 44 07 BA 84 7D 87 08 00
0x3D1,0x03FF84BB,BB84,0x04882C,4407,other,no,0x048824,B9 84 44 07 BA 84 44 07 BB 84 44 07 BC 84 44 07 BD 84
0x3D1,0x03FF84BB,BB84,0x048972,4457,known-load-family,no,0x04896A,44 07 BA 84 03 52 44 57 BB 84 85 6F 55 69 02 52 44 57
0x3D1,0x03FF84BB,BB84,0x0489C6,A487,possible-write-or-bitop-family,no,0x0489BE,B2 05 80 07 26 02 A4 87 BB 84 61 82 F2 0D A5 7F 33 69
0x3D1,0x03FF84BB,BB84,0x048A24,4417,other,no,0x048A1C,44 07 B8 84 01 12 44 17 BB 84 02 12 44 17 BC 84 80 07
0x3D1,0x03FF84BB,BB84,0x048BEA,4417,other,no,0x048BE2,5D 07 14 00 02 12 44 17 BB 84 44 07 BA 84 44 07 B9 84
0x3D1,0x03FF84BB,BB84,0x048C50,4417,other,no,0x048C48,09 00 44 07 BA 84 44 17 BB 84 61 72 82 65 80 07 80 01
0x3D1,0x03FF84BB,BB84,0x049352,A4E7,other,no,0x04934A,09 02 84 8F D9 84 A4 E7 BB 84 06 E8 61 8A B2 05 80 07
0x3D1,0x03FF84BB,BB84,0x049792,A45F,possible-write-or-bitop-family,no,0x04978A,C0 84 44 07 D8 84 A4 5F BB 84 A4 7F 1B 85 EB 79 92 1D
0x3D1,0x03FF84BB,BB84,0x049A6A,8457,known-load-family,yes,0x049A62,9F 5F 09 00 07 5D 84 57 BB 84 09 55 A4 8F BB 84 0B 8D
0x3D1,0x03FF84BB,BB84,0x049A70,A48F,possible-write-or-bitop-family,no,0x049A68,84 57 BB 84 09 55 A4 8F BB 84 0B 8D A4 87 B9 84 02 48
0x3D1,0x03FF84BB,BB84,0x049B58,848F,possible-write-or-bitop-family,no,0x049B50,82 57 09 00 07 55 84 8F BB 84 09 8D A4 87 BB 84 0B 85
0x3D1,0x03FF84BB,BB84,0x049B5E,A487,possible-write-or-bitop-family,no,0x049B56,84 8F BB 84 09 8D A4 87 BB 84 0B 85 A4 7F B9 84 0D 7D
0x3D1,0x03FF84BB,BB84,0x049C42,848F,possible-write-or-bitop-family,no,0x049C3A,82 57 09 00 07 55 84 8F BB 84 09 8D A4 87 BB 84 0B 85
0x3D1,0x03FF84BB,BB84,0x049C48,A487,possible-write-or-bitop-family,no,0x049C40,84 8F BB 84 09 8D A4 87 BB 84 0B 85 A4 7F B9 84 0D 7D
0x3D1,0x03FF84BB,BB84,0x049D2C,848F,possible-write-or-bitop-family,no,0x049D24,82 57 09 00 07 55 84 8F BB 84 09 8D A4 87 BB 84 0B 85
0x3D1,0x03FF84BB,BB84,0x049D32,A487,possible-write-or-bitop-family,no,0x049D2A,84 8F BB 84 09 8D A4 87 BB 84 0B 85 A4 7F B9 84 0D 7D
0x3D1,0x03FF84BB,BB84,0x049E16,848F,possible-write-or-bitop-family,no,0x049E0E,82 57 09 00 07 55 84 8F BB 84 09 8D A4 87 BB 84 0B 85
0x3D1,0x03FF84BB,BB84,0x049E1C,A487,possible-write-or-bitop-family,no,0x049E14,84 8F BB 84 09 8D A4 87 BB 84 0B 85 A4 7F B9 84 0D 7D
0x3D1,0x03FF84BB,BB84,0x049EFC,8457,known-load-family,yes,0x049EF4,82 5F 09 00 07 5D 84 57 BB 84 09 55 A4 8F BB 84 0B 8D
0x3D1,0x03FF84BB,BB84,0x049F02,A48F,possible-write-or-bitop-family,no,0x049EFA,84 57 BB 84 09 55 A4 8F BB 84 0B 8D A4 87 B9 84 0D 85
0x3D1,0x03FF84BB,BB84,0x049FE6,848F,possible-write-or-bitop-family,no,0x049FDE,82 57 09 00 07 55 84 8F BB 84 09 8D A4 87 BB 84 0B 85
0x3D1,0x03FF84BB,BB84,0x049FEC,A487,possible-write-or-bitop-family,no,0x049FE4,84 8F BB 84 09 8D A4 87 BB 84 0B 85 A4 7F B9 84 0D 7D
0x3D1,0x03FF84BB,BB84,0x04A0F6,846F,possible-write-or-bitop-family,no,0x04A0EE,82 77 09 00 07 75 84 6F BB 84 09 6D A4 67 BB 84 8A 00
0x3D1,0x03FF84BB,BB84,0x04A0FC,A467,possible-write-or-bitop-family,no,0x04A0F4,84 6F BB 84 09 6D A4 67 BB 84 8A 00 0B 65 A4 5F B9 84
0x3D1,0x03FF84BB,BB84,0x04A1E2,848F,possible-write-or-bitop-family,no,0x04A1DA,82 57 09 00 07 55 84 8F BB 84 09 8D A4 87 BB 84 0B 85
0x3D1,0x03FF84BB,BB84,0x04A1E8,A487,possible-write-or-bitop-family,no,0x04A1E0,84 8F BB 84 09 8D A4 87 BB 84 0B 85 A4 7F B9 84 0D 7D
0x3D1,0x03FF84BB,BB84,0x04A2DA,848F,possible-write-or-bitop-family,no,0x04A2D2,82 57 09 00 07 55 84 8F BB 84 09 8D A4 87 BB 84 0B 85
0x3D1,0x03FF84BB,BB84,0x04A2E0,A487,possible-write-or-bitop-family,no,0x04A2D8,84 8F BB 84 09 8D A4 87 BB 84 0B 85 A4 7F B9 84 0D 7D
0x3D1,0x03FF84BB,BB84,0x04A3C2,848F,possible-write-or-bitop-family,no,0x04A3BA,82 57 09 00 07 55 84 8F BB 84 09 8D A4 87 BB 84 0B 85
0x3D1,0x03FF84BB,BB84,0x04A3C8,A487,possible-write-or-bitop-family,no,0x04A3C0,84 8F BB 84 09 8D A4 87 BB 84 0B 85 A4 7F B9 84 0D 7D
0x3D1,0x03FF84BB,BB84,0x04A4AC,848F,possible-write-or-bitop-family,no,0x04A4A4,82 57 09 00 07 55 84 8F BB 84 09 8D A4 87 BB 84 0B 85
0x3D1,0x03FF84BB,BB84,0x04A4B2,A487,possible-write-or-bitop-family,no,0x04A4AA,84 8F BB 84 09 8D A4 87 BB 84 0B 85 A4 7F B9 84 0D 7D
0x3D1,0x03FF84BB,BB84,0x04A5D6,8457,known-load-family,yes,0x04A5CE,9F 5F 09 00 07 5D 84 57 BB 84 09 55 A4 8F BB 84 0B 8D
0x3D1,0x03FF84BB,BB84,0x04A5DC,A48F,possible-write-or-bitop-family,no,0x04A5D4,84 57 BB 84 09 55 A4 8F BB 84 0B 8D A4 87 B9 84 0D 85
0x3D1,0x03FF84BB,BB84,0x04A6D8,847F,possible-write-or-bitop-family,no,0x04A6D0,82 87 09 00 07 85 84 7F BB 84 09 7D A4 77 BB 84 0B 75
0x3D1,0x03FF84BB,BB84,0x04A6DE,A477,possible-write-or-bitop-family,no,0x04A6D6,84 7F BB 84 09 7D A4 77 BB 84 0B 75 A4 6F B9 84 0D 6D
0x3D1,0x03FF84BB,BB84,0x04A7F2,845F,possible-write-or-bitop-family,no,0x04A7EA,82 67 09 00 86 8B 84 5F BB 84 A4 57 BB 84 8A 63 85 77
0x3D1,0x03FF84BB,BB84,0x04A7F6,A457,known-load-family,yes,0x04A7EE,86 8B 84 5F BB 84 A4 57 BB 84 8A 63 85 77 75 69 8C 5B
0x3D1,0x03FF84BB,BB84,0x04AB10,8487,possible-write-or-bitop-family,no,0x04AB08,82 8F 09 00 07 8D 84 87 BB 84 09 85 A4 7F BB 84 0B 7D
0x3D1,0x03FF84BB,BB84,0x04AB16,A47F,possible-write-or-bitop-family,no,0x04AB0E,84 87 BB 84 09 85 A4 7F BB 84 0B 7D A4 77 B9 84 0D 75
0x3D1,0x03FF84BB,BB84,0x04B37C,A46F,possible-write-or-bitop-family,no,0x04B374,1D 85 62 72 E2 1D A4 6F BB 84 63 6A A2 1D 40 66 FF 03
0x3D1,0x03FF84BB,BB84,0x04B3B6,A477,possible-write-or-bitop-family,no,0x04B3AE,66 7A AA 05 01 12 A4 77 BB 84 5C 17 04 00 5C 07 05 00
0x3D1,0x03FF84BB,BB84,0x111C6E,8457,known-load-family,yes,0x111C66,85 57 F1 6C 7F 00 84 57 BB 84 7F 00 A4 57 B7 84 7F 00
0x3D1,0x03FF84BB,BB84,0x111CCE,A457,known-load-family,yes,0x111CC6,A4 57 B9 84 7F 00 A4 57 BB 84 7F 00 84 57 BD 84 7F 00
0x3D1,0x03FF84BB,BB84,0x117D54,AA57,known-load-family,yes,0x117D4C,20 02 40 56 00 04 AA 57 BB 84 7F 00 40 56 00 04 8A 57
0x3D1,0x03FF8707,0787,0x002CAD,0766,other,no,0x002CA5,89 31 36 04 00 80 07 66 07 87 00 07 30 C3 32 2D 06 92
0x3D1,0x03FF8707,0787,0x03C08F,0341,other,no,0x03C087,E6 FF 03 40 0E FF 03 41 07 87 18 8D FF C2 C1 7C 57 95
0x3D1,0x03FF8707,0787,0x08C550,0000,other,no,0x08C548,48 17 01 00 47 57 00 00 07 87 00 00 5F 87 00 00 16 02
0x3D1,0x03FF8707,0787,0x0ACBE7,0046,other,no,0x0ACBDF,04 B7 04 46 07 86 00 46 07 87 00 46 07 88 00 46 07 89
0x3D1,0x03FF8707,0787,0x0AD223,005D,other,no,0x0AD21B,6F 0B 00 5D 07 88 00 5D 07 87 00 5D 07 86 00 5D 6F 8C
0x3D1,0x03FF8707,0787,0x0AD3B9,0046,other,no,0x0AD3B1,07 8C 00 46 07 89 00 46 07 87 00 46 07 8D 00 46 07 8A
0x3D1,0x03FF8707,0787,0x0ADA0F,805D,other,no,0x0ADA07,FF A2 7E 24 17 81 80 5D 07 87 00 1E 30 02 F0 66 78 5D
0x3D1,0x03FF8707,0787,0x0C2DC3,0046,other,no,0x0C2DBB,0D 01 12 46 17 89 00 46 07 87 00 E0 81 F2 05 A6 6F 8F
0x3D1,0x03FF8707,0787,0x0C35A3,005D,other,no,0x0C359B,00 FF 03 5D 07 84 00 5D 07 87 00 5D 07 82 00 5D 07 80
0x3D1,0x03FF8707,0787,0x0C3B3F,005D,other,no,0x0C3B37,00 D5 05 5D 17 7C 00 5D 07 87 00 24 17 81 80 82 87 0D
0x3D1,0x03FF8707,0787,0x0C3BC3,005D,other,no,0x0C3BBB,12 B8 8C 5D 17 89 00 5D 07 87 00 FE 03 FD 13 5D 07 86
0x3D1,0x03FF8707,0787,0x0C3BFF,005D,other,no,0x0C3BF7,02 01 12 5D 17 89 00 5D 07 87 00 5D 07 86 00 3D 67 01
0x3D1,0x03FF8707,0787,0x11815A,AA57,known-load-family,yes,0x118152,7F 00 40 56 00 04 AA 57 07 87 7F 00 40 56 00 04 2A 57
0x3D1,0x03FF8707,0787,0x17B585,800B,other,no,0x17B57D,09 82 02 86 03 00 80 0B 07 87 06 88 07 00 00 28 00 80
0x3E9,0x03FF4189,8941,0x032ADF,03CA,other,no,0x032AD7,7E FF 03 40 0E FF 03 CA 89 41 8F 29 11 40 0E FF 03 41
0x3E9,0x03FF4189,8941,0x036FF7,8A0C,other,no,0x036FEF,61 40 0E FF 03 C3 8A 0C 89 41 8F 53 12 40 8E 18 00 8E
0x3E9,0x03FF4189,8941,0x03EDDB,0010,other,no,0x03EDD3,00 C3 82 D1 8E F7 00 10 89 41 8F D0 14 8D FF 8C 22 40
0x3E9,0x03FF4189,8941,0x04176F,8210,other,no,0x041767,00 CA 86 01 00 C3 82 10 89 41 8F 49 15 40 0E FF 03 01
0x3E9,0x03FF4189,8941,0x042CD9,8210,other,no,0x042CD1,00 CA 86 01 00 C3 82 10 89 41 8F A9 16 40 0E FF 03 01
0x3E9,0x03FF4189,8941,0x07141A,E55F,possible-write-or-bitop-family,no,0x071412,21 00 61 62 EA 35 E5 5F 89 41 03 12 7D 5F 14 00 E5 2D
0x3E9,0x03FF4189,8941,0x0D5567,88C6,other,no,0x0D555F,79 8F 6F 05 00 02 88 C6 89 41 12 51 6F 04 00 82 00 63
0x3E9,0x03FF4189,8941,0x0D5591,88C6,other,no,0x0D5589,79 8F 6F 05 00 02 88 C6 89 41 12 51 6F 07 00 82 00 66
0x3E9,0x03FF4189,8941,0x0D6193,88C6,other,no,0x0D618B,79 8F 6F 05 00 02 88 C6 89 41 12 51 6F 04 00 82 00 63
0x3E9,0x03FF4189,8941,0x0D61BD,88C6,other,no,0x0D61B5,79 8F 6F 05 00 02 88 C6 89 41 12 51 6F 07 00 82 00 66
0x3E9,0x03FF4189,8941,0x0DC853,88C4,other,no,0x0DC84B,79 8F 6F 05 00 02 88 C4 89 41 12 51 6F F1 81 82 00 02
0x3E9,0x03FF4189,8941,0x0F508D,00C2,other,no,0x0F5085,00 C2 79 8F 6F 01 00 C2 89 41 12 C2 00 51 6F 00 00 64
0x3E9,0x03FF4189,8941,0x103B5D,B14C,other,no,0x103B55,6E 00 04 8D 5F F7 B1 4C 89 41 12 C2 00 11 59 4D 5F F6
0x3E9,0x03FF4189,8941,0x112D4E,0A57,known-load-family,yes,0x112D46,34 BA 40 56 FF 03 0A 57 89 41 7F 00 40 56 FF 03 2A 57
0x3E9,0x03FF4189,8941,0x112DBC,8A57,known-load-family,yes,0x112DB4,98 D6 40 56 FF 03 8A 57 89 41 7F 00 40 56 FF 03 AA 57
0x3E9,0x03FF42C7,C742,0x01053C,0000,other,no,0x010534,E8 43 FF 03 01 00 00 00 C7 42 FF 03 01 00 00 00 A8 42
0x3E9,0x03FF42C7,C742,0x112B9A,AA57,known-load-family,yes,0x112B92,7F 00 40 56 FF 03 AA 57 C7 42 7F 00 40 56 FF 03 8A 57
0x3E9,0x03FF42C7,C742,0x126BC4,8557,known-load-family,no,0x126BBC,00 3A BD FF F0 CC 85 57 C7 42 E0 51 DA 05 06 32 00 3A
0x3E9,0x03FF42C7,C742,0x126BF6,A57F,possible-write-or-bitop-family,no,0x126BEE,00 3A BD FF BE CC A5 7F C7 42 E0 79 EA 05 20 36 22 00
0x3E9,0x03FF42C7,C742,0x12AAE3,04D1,other,no,0x12AADB,00 A5 0D 40 8E 00 04 D1 C7 42 B0 20 6E 42 00 B2 05 20
0x3E9,0x03FF43E3,E343,0x0104F4,0000,other,no,0x0104EC,00 44 FF 03 01 00 00 00 E3 43 FF 03 01 00 00 00 E6 43
0x3E9,0x03FF43E3,E343,0x089546,858F,possible-write-or-bitop-family,no,0x08953E,01 52 7F 00 0A 02 85 8F E3 43 06 E8 61 8A AA 25 9D 87
0x3E9,0x03FF43E3,E343,0x0895E4,A557,known-load-family,no,0x0895DC,6B 00 44 57 1A 83 A5 57 E3 43 61 52 AA 25 A5 87 69 44
0x3E9,0x03FF43E3,E343,0x112D06,AA57,known-load-family,yes,0x112CFE,7F 00 40 56 FF 03 AA 57 E3 43 7F 00 40 56 FF 03 8A 57
0x3E9,0x03FF43E7,E743,0x01052C,0000,other,no,0x010524,E5 43 FF 03 01 00 00 00 E7 43 FF 03 01 00 00 00 E8 43
0x3E9,0x03FF43E7,E743,0x08A5A2,8557,known-load-family,no,0x08A59A,46 8F 06 00 7F 00 85 57 E7 43 7F 00 00 02 40 86 02 00
0x3E9,0x03FF43E7,E743,0x08A64C,A557,known-load-family,no,0x08A644,46 8F 06 00 7F 00 A5 57 E7 43 7F 00 09 02 00 EA 40 8E
0x3E9,0x03FF43E7,E743,0x08A67E,A587,possible-write-or-bitop-family,no,0x08A676,76 61 E0 51 F2 0D A5 87 E7 43 61 82 CA 05 84 17 F1 82
0x3E9,0x03FF43E7,E743,0x08A69A,A577,possible-write-or-bitop-family,no,0x08A692,F3 82 44 17 F4 82 A5 77 E7 43 61 72 B2 05 62 72 CA 05
0x3E9,0x03FF43E7,E743,0x08A6D6,A517,other,no,0x08A6CE,D4 A6 08 00 70 00 A5 17 E7 43 0A E9 9D 00 61 12 C2 05
0x3E9,0x03FF43E7,E743,0x08B0BC,8557,known-load-family,no,0x08B0B4,01 12 1E 30 1D F0 85 57 E7 43 AA 13 AD 03 A5 87 E7 43
0x3E9,0x03FF43E7,E743,0x08B0C4,A587,possible-write-or-bitop-family,no,0x08B0BC,E7 43 AA 13 AD 03 A5 87 E7 43 E0 51 EA 5F 00 00 85 77
0x3E9,0x03FF43E7,E743,0x112CFC,8A57,known-load-family,yes,0x112CF4,7F 00 40 56 FF 03 8A 57 E7 43 7F 00 40 56 FF 03 AA 57
0x3E9,0x03FF43E7,E743,0x12A80F,04D1,other,no,0x12A807,00 A5 0D 40 8E 00 04 D1 E7 43 B0 20 6E 42 00 B2 05 20
0x3E9,0x03FF43FB,FB43,0x0104AC,0000,other,no,0x0104A4,A4 43 FF 03 01 00 00 00 FB 43 FF 03 01 00 00 00 FE 43
0x3E9,0x03FF43FB,FB43,0x06D628,858F,possible-write-or-bitop-family,no,0x06D620,9A 0D 24 57 81 80 85 8F FB 43 AA 57 17 00 F1 51 D1 15
0x3E9,0x03FF43FB,FB43,0x06D6A0,857F,possible-write-or-bitop-family,no,0x06D698,ED 00 E0 89 FA 05 85 7F FB 43 A2 87 17 00 EF 81 91 15
0x3E9,0x03FF43FB,FB43,0x06E552,8557,known-load-family,no,0x06E54A,2F 00 61 62 FA 05 85 57 FB 43 A2 5F 17 00 EA 59 A9 05
0x3E9,0x03FF43FB,FB43,0x06EBB0,8577,possible-write-or-bitop-family,no,0x06EBA8,9A 0D 61 82 FA 05 85 77 FB 43 A2 7F 17 00 EE 79 A1 05
0x3E9,0x03FF43FB,FB43,0x0DDCFE,A557,known-load-family,no,0x0DDCF6,20 02 1C 00 13 02 A5 57 FB 43 07 E0 DC 00 00 EA E0 51
0x3E9,0x03FF43FB,FB43,0x112D6C,AA57,known-load-family,yes,0x112D64,7F 00 40 56 FF 03 AA 57 FB 43 7F 00 40 56 FF 03 8A 57
0x3E9,0x03FF43FF,FF43,0x0104D4,0000,other,no,0x0104CC,FC 43 FF 03 01 00 00 00 FF 43 FF 03 01 00 00 00 FA 43
0x3E9,0x03FF43FF,FF43,0x0DD9D2,A567,possible-write-or-bitop-family,no,0x0DD9CA,03 00 63 5A FA 05 A5 67 FF 43 A2 6F 03 00 EC 69 92 0D
0x3E9,0x03FF43FF,FF43,0x0DD9E2,A58F,possible-write-or-bitop-family,no,0x0DD9DA,92 0D E0 59 92 0D A5 8F FF 43 A2 57 03 00 F1 51 B9 05
0x3E9,0x03FF43FF,FF43,0x0DDA18,A537,other,no,0x0DDA10,A5 00 23 4F A9 00 A5 37 FF 43 83 FF CC 62 E5 77 B9 41
0x3E9,0x03FF43FF,FF43,0x0DDA6E,8537,other,no,0x0DDA66,8D 00 23 4F 91 00 85 37 FF 43 83 FF 76 62 E5 7F BF 41
0x3E9,0x03FF43FF,FF43,0x0DDAAC,A537,other,no,0x0DDAA4,0C 42 B5 FF 06 E1 A5 37 FF 43 85 1D 23 3E 70 00 B5 FF
0x3E9,0x03FF43FF,FF43,0x0DDAC6,A537,other,no,0x0DDABE,75 00 23 4F 79 00 A5 37 FF 43 83 FF 1E 62 3D 36 04 00
0x3E9,0x03FF43FF,FF43,0x0DDADC,8537,other,no,0x0DDAD4,0C 42 B5 FF D6 E0 85 37 FF 43 07 10 22 3F 01 00 22 47
0x3E9,0x03FF43FF,FF43,0x112D62,8A57,known-load-family,yes,0x112D5A,7F 00 40 56 FF 03 8A 57 FF 43 7F 00 40 56 FF 03 AA 57
0x3E9,0x03FF5103,0351,0x000A1B,D2FE,other,no,0x000A13,07 04 00 31 06 02 D2 FE 03 51 07 00 00 20 16 00 01 6A
0x3E9,0x03FF5103,0351,0x000F9B,C6FE,other,no,0x000F93,57 C0 F5 31 06 02 C6 FE 03 51 07 00 00 20 56 00 01 62
0x3E9,0x03FF5103,0351,0x003499,8EFF,other,no,0x003491,21 86 00 06 88 51 8E FF 03 51 7F 2D 21 41 37 2C 21 C1
0x3E9,0x03FF5103,0351,0x0034FB,8EFF,other,no,0x0034F3,21 00 12 02 88 51 8E FF 03 51 07 2D 21 41 12 82 00 69
0x3E9,0x03FF5103,0351,0x00A975,0159,other,no,0x00A96D,01 5A 02 57 01 55 01 59 03 51 01 5A 01 10 01 11 02 57
0x3E9,0x03FF5103,0351,0x034F77,8EFF,other,no,0x034F6F,8E 05 00 C2 89 51 8E FF 03 51 67 3A 12 41 12 82 00 65
0x3E9,0x03FF5103,0351,0x039065,8EFF,other,no,0x03905D,07 35 13 1D 88 51 8E FF 03 51 07 49 13 1D 88 51 8E FF
0x3E9,0x03FF5103,0351,0x039081,8EFF,other,no,0x039079,88 FD 76 09 00 51 8E FF 03 51 07 39 13 4E 76 FF 03 4E
0x3E9,0x03FF5103,0351,0x114872,AA57,known-load-family,yes,0x11486A,7F 00 40 56 FF 03 AA 57 03 51 7F 00 40 56 FF 03 8A 57
0x3E9,0x03FF5103,0351,0x16FAA8,0251,other,no,0x16FAA0,00 50 00 51 01 51 02 51 03 51 00 52 01 52 00 53 01 53
0x3E9,0x03FF5105,0551,0x00094F,69FA,other,no,0x000947,17 00 00 07 88 E0 69 FA 05 51 8E 00 00 31 57 91 14 09
0x3E9,0x03FF5105,0551,0x114352,AA57,known-load-family,yes,0x11434A,7F 00 40 56 FF 03 AA 57 05 51 7F 00 00 02 85 8F F1 78
0x3E9,0x03FF5105,0551,0x11487C,8A57,known-load-family,yes,0x114874,7F 00 40 56 FF 03 8A 57 05 51 7F 00 40 56 FF 03 AA 57
0x3E9,0x03FF5105,0551,0x11F3D7,FFC9,other,no,0x11F3CF,66 FF FF 0C 06 00 FF C9 05 51 E9 9D EE FF 00 01 DA BF
0x3E9,0x03FF5105,0551,0x11F477,FFC9,other,no,0x11F46F,76 FF FF 0E 06 00 FF C9 05 51 E9 9D EE FF 00 01 DA BF
0x3E9,0x03FF5105,0551,0x11F57F,FFC9,other,no,0x11F577,86 FF FF 10 06 00 FF C9 05 51 E9 9D EE FF 00 5C EF 04
0x3E9,0x03FF5105,0551,0x1240DD,FFC9,other,no,0x1240D5,6E FF FF 0D 06 00 FF C9 05 51 E9 9D EE FF 00 40 56 00
0x3E9,0x03FF5105,0551,0x12412B,FFC9,other,no,0x124123,86 FF FF 10 06 00 FF C9 05 51 E9 9D EE FF 00 40 6E 00
0x3E9,0x03FF5105,0551,0x1248C9,FFC9,other,no,0x1248C1,56 FF FF 0A 06 00 FF C9 05 51 E9 9D EE FF 00 23 36 10
0x3E9,0x03FF5105,0551,0x124963,FFC9,other,no,0x12495B,66 FF FF 0C 06 00 FF C9 05 51 E9 9D EE FF 00 23 36 10
0x3E9,0x03FF5105,0551,0x124A25,FFC9,other,no,0x124A1D,76 FF FF 0E 06 00 FF C9 05 51 E9 9D EE FF 00 23 36 10
0x3E9,0x03FF5105,0551,0x124ABF,FFC9,other,no,0x124AB7,86 FF FF 10 06 00 FF C9 05 51 E9 9D EE FF 00 23 36 10
0x3E9,0x03FF5105,0551,0x12CD17,FFC9,other,no,0x12CD0F,5E FF FF 0B 06 00 FF C9 05 51 E1 9C E6 FF 00 23 36 08
0x3E9,0x03FF5105,0551,0x13B4B4,257F,possible-write-or-bitop-family,no,0x13B4AC,13 00 E0 81 AA 0D 25 7F 05 51 46 07 16 00 66 7F 05 00
0x3E9,0x03FF5107,0751,0x0019C6,C852,other,no,0x0019BE,DF FF 89 25 07 50 C8 52 07 51 0A 80 D0 82 10 51 C5 05
0x3E9,0x03FF5107,0751,0x001D67,0361,other,no,0x001D5F,07 4E 20 40 0E FF 03 61 07 51 20 7F 00 40 8E FF 03 91
0x3E9,0x03FF5107,0751,0x026A82,C852,other,no,0x026A7A,DF FF 89 25 07 50 C8 52 07 51 0A 80 D0 82 10 51 C5 05
0x3E9,0x03FF5107,0751,0x02C11B,0341,other,no,0x02C113,07 50 0E 40 0E FF 03 41 07 51 0E 16 02 00 02 86 00 E0
0x3E9,0x03FF5107,0751,0x02C75F,0341,other,no,0x02C757,07 00 00 40 0E FF 03 41 07 51 0E 80 07 A8 0C 02 06 E6
0x3E9,0x03FF5107,0751,0x02CB55,0341,other,no,0x02CB4D,07 2D 0E 40 0E FF 03 41 07 51 0E 40 7E FF 03 AF 7F 45
0x3E9,0x03FF5107,0751,0x02D075,0341,other,no,0x02D06D,07 2D 0E 40 0E FF 03 41 07 51 0E 01 12 58 17 00 00 40
0x3E9,0x03FF5107,0751,0x034471,0341,other,no,0x034469,07 22 11 40 0E FF 03 41 07 51 11 40 0E FF 03 41 07 23
0x3E9,0x03FF5107,0751,0x0348F3,004A,other,no,0x0348EB,FF E9 F5 4A 07 50 00 4A 07 51 00 03 12 40 0E FF 03 41
0x3E9,0x03FF5107,0751,0x034B15,0542,other,no,0x034B0D,00 0B 06 F0 FF B9 05 42 07 51 00 40 86 FF 03 B0 87 D1
0x3E9,0x03FF5107,0751,0x06F705,057D,other,no,0x06F6FD,5F 51 00 E2 59 CA 05 7D 07 51 00 A5 2D 3D 57 55 00 E2
0x3E9,0x03FF5107,0751,0x088A5F,515D,other,no,0x088A57,17 11 00 25 57 4D 51 5D 07 51 00 EA 11 A1 05 0A 10 7D
0x3E9,0x03FF5107,0751,0x0F0B45,0461,other,no,0x0F0B3D,07 54 98 40 0E 00 04 61 07 51 98 3B 06 C8 8B 01 00 40
0x3E9,0x03FF5107,0751,0x0F18D7,0461,other,no,0x0F18CF,07 05 00 40 0E 00 04 61 07 51 98 66 07 09 00 7F 00 09
0x3E9,0x03FF5107,0751,0x0FA591,8564,other,no,0x0FA589,51 92 0D 64 07 4D 85 64 07 51 85 64 07 55 85 64 07 59
0x3E9,0x03FF5107,0751,0x10AB31,0441,other,no,0x10AB29,02 0A 02 40 0E 00 04 41 07 51 B2 01 EA 1D 30 86 00 08
0x3E9,0x03FF5107,0751,0x10DD78,C000,other,no,0x10DD70,A8 49 C1 3A E9 3F C0 00 07 51 1A 30 C1 32 E9 37 C0 00
0x3E9,0x03FF5107,0751,0x10E160,8152,other,no,0x10E158,00 5A 0B 50 C1 52 81 52 07 51 63 57 01 00 23 DF 11 00
0x3E9,0x03FF5107,0751,0x11433E,AA57,known-load-family,yes,0x114336,16 02 40 56 FF 03 AA 57 07 51 7F 00 40 56 FF 03 8A 57
0x3E9,0x03FF5107,0751,0x114348,8A57,known-load-family,yes,0x114340,7F 00 40 56 FF 03 8A 57 07 51 7F 00 40 56 FF 03 AA 57
0x3E9,0x03FF5107,0751,0x11AC8D,0441,other,no,0x11AC85,B3 8B 54 40 0E 00 04 41 07 51 B3 8C 54 40 0E 00 04 41
0x3E9,0x03FF5107,0751,0x121193,0441,other,no,0x12118B,07 3C 04 40 0E 00 04 41 07 51 B3 E2 37 01 00 BE FF 12
0x3E9,0x03FF5107,0751,0x12529F,0441,other,no,0x125297,FF BE 0C 40 0E 00 04 41 07 51 B3 40 6E 00 04 8D 6F 51
0x3E9,0x03FF5107,0751,0x125F51,0441,other,no,0x125F49,AF A5 1D 40 0E 00 04 41 07 51 B3 40 36 18 00 E6 37 DB
0x3E9,0x03FF5107,0751,0x127205,0341,other,no,0x1271FD,07 50 05 40 0E FF 03 41 07 51 05 40 0E FF 03 41 07 52
0x3E9,0x03FF81C1,C181,0x018EA6,0041,other,no,0x018E9E,C0 42 80 43 41 83 00 41 C1 81 81 80 40 40 BC 05 0F 00
0x3E9,0x03FF81C1,C181,0x0D6226,A48F,possible-write-or-bitop-family,no,0x0D621E,46 07 44 00 7F 00 A4 8F C1 81 61 8A BA 15 85 6F 6B 44
0x3E9,0x03FF81C1,C181,0x0D624E,4407,other,no,0x0D6246,C3 81 62 62 B1 05 44 07 C1 81 7F 00 0A 02 24 17 81 80
0x3E9,0x03FF81C1,C181,0x0D6490,4417,other,no,0x0D6488,7D 07 11 00 01 12 44 17 C1 81 61 8A FA 05 84 FF 88 15
0x3E9,0x03FF81C1,C181,0x0D6708,A457,known-load-family,yes,0x0D6700,B2 05 80 07 CC 07 A4 57 C1 81 61 52 EA 0D 82 57 15 00
0x3E9,0x03FF81C1,C181,0x0D6812,A467,possible-write-or-bitop-family,no,0x0D680A,C3 81 61 3A A2 1D A4 67 C1 81 61 62 EA 15 85 87 6B 44
0x3E9,0x03FF81C1,C181,0x0D6F7C,A48F,possible-write-or-bitop-family,no,0x0D6F74,07 00 E0 51 EA 2D A4 8F C1 81 61 8A AA 2D E6 87 05 00
0x3E9,0x03FF81C1,C181,0x0D7164,8437,other,no,0x0D715C,C0 81 5D 07 08 00 84 37 C1 81 01 3A 81 FF 7A C9 0A 30
0x3E9,0x03FF81C1,C181,0x0D71AE,8487,possible-write-or-bitop-family,no,0x0D71A6,D2 15 A5 7F F5 69 84 87 C1 81 EF 81 FA 0D 01 12 44 17
0x3E9,0x03FF81C1,C181,0x0D71B8,4417,other,no,0x0D71B0,EF 81 FA 0D 01 12 44 17 C1 81 40 0E 00 04 41 17 AC 84
0x3E9,0x03FF81C1,C181,0x0D72B6,A487,possible-write-or-bitop-family,no,0x0D72AE,05 00 01 12 85 CD A4 87 C1 81 E0 81 EA 65 A6 7F 09 00
0x3E9,0x03FF81C1,C181,0x0D73A6,A46F,possible-write-or-bitop-family,no,0x0D739E,02 12 46 17 06 00 A4 6F C1 81 00 52 46 6F 09 00 7F 00
0x3E9,0x03FF81C1,C181,0x0D7488,44D7,other,no,0x0D7480,BA 05 84 FF B6 03 44 D7 C1 81 A5 05 00 DA E5 47 4D 8A
0x3E9,0x03FF81C1,C181,0x0D76E0,A48F,possible-write-or-bitop-family,no,0x0D76D8,03 00 E0 51 9A 15 A4 8F C1 81 E0 89 DA 0D A2 87 59 00
0x3E9,0x03FF81C1,C181,0x0D7838,A487,possible-write-or-bitop-family,no,0x0D7830,03 00 E0 89 9A 15 A4 87 C1 81 E0 81 DA 0D 85 7F 6B 44
0x3E9,0x03FF81C1,C181,0x1181F4,8457,known-load-family,yes,0x1181EC,7F 00 7F 00 7F 00 84 57 C1 81 7F 00 84 57 57 82 7F 00
0x3E9,0x03FF81C1,C181,0x11825C,A457,known-load-family,yes,0x118254,24 56 00 81 7F 00 A4 57 C1 81 7F 00 E4 57 03 82 7F 00
0x3E9,0x03FF81C5,C581,0x018CC7,05C1,other,no,0x018CBF,06 80 07 41 C7 00 05 C1 C5 81 C4 40 04 01 CC C0 0C 80
0x3E9,0x03FF81C5,C581,0x07F868,C282,other,no,0x07F860,7D 8F 2D 00 0E 80 C2 82 C5 81 30 CF A1 4D 41 72 5D 77
0x3E9,0x03FF81C5,C581,0x080A20,1800,other,no,0x080A18,EA D9 F1 05 FA 86 18 00 C5 81 F0 17 7B 50 A5 2D 01 E2
0x3E9,0x03FF81C5,C581,0x083326,1800,other,no,0x08331E,EA D9 F1 05 FA 86 18 00 C5 81 F0 17 03 50 A5 2D 01 E2
0x3E9,0x03FF81C5,C581,0x0BCB9A,1C80,other,no,0x0BCB92,08 00 1B E0 C1 E2 1C 80 C5 81 C1 B2 C5 B1 F6 3F 7D 63
0x3E9,0x03FF81C5,C581,0x0C1F94,1D80,other,no,0x0C1F8C,01 12 02 E8 C1 EA 1D 80 C5 81 F0 47 B9 61 E8 31 9B 1D
0x3E9,0x03FF81C5,C581,0x0C339C,C182,other,no,0x0C3394,25 5E 68 61 1C 80 C1 82 C5 81 F0 37 69 61 DA 59 EB 3F
0x3E9,0x03FF81C5,C581,0x0C33BC,C182,other,no,0x0C33B4,EB 8F 01 00 1C 80 C1 82 C5 81 F0 67 69 61 0A 30 E6 00
0x3E9,0x03FF81C5,C581,0x0D63E6,845F,possible-write-or-bitop-family,no,0x0D63DE,C3 81 68 6A 8B 0D 84 5F C5 81 A4 67 C5 81 CC 59 68 5A
0x3E9,0x03FF81C5,C581,0x0D63EA,A467,possible-write-or-bitop-family,no,0x0D63E2,8B 0D 84 5F C5 81 A4 67 C5 81 CC 59 68 5A F7 05 44 07
0x3E9,0x03FF81C5,C581,0x0D63FC,4407,other,no,0x0D63F4,C3 81 44 07 C4 81 44 07 C5 81 1E 30 1D F0 09 05 24 8E
0x3E9,0x03FF81C5,C581,0x0D647A,4407,other,no,0x0D6472,C3 81 44 07 C4 81 44 07 C5 81 5D 07 3F 00 5D 07 4B 00
0x3E9,0x03FF81C5,C581,0x0D6A58,844F,other,no,0x0D6A50,B1 05 BF 07 7A FD 84 4F C5 81 68 4A B1 05 BF 07 6E FD
0x3E9,0x03FF81C5,C581,0x0D6A6C,A437,other,no,0x0D6A64,41 00 62 62 8A 1D A4 37 C5 81 01 3A 81 FF 72 D0 0A 30
0x3E9,0x03FF81C5,C581,0x0D6A7E,4457,known-load-family,no,0x0D6A76,C6 00 81 FF 7A C9 44 57 C5 81 A4 8F C3 81 01 12 3D 77
0x3E9,0x03FF81C5,C581,0x0D6AA2,A45F,possible-write-or-bitop-family,no,0x0D6A9A,B2 05 63 62 8A 2D A4 5F C5 81 5D 07 4A 00 1B 88 C2 8A
0x3E9,0x03FF81C5,C581,0x0D6CBC,443F,other,no,0x0D6CB4,44 57 C4 81 0A 30 44 3F C5 81 81 FF 24 CE 0A 30 C6 00
0x3E9,0x03FF81C5,C581,0x0EFCF8,1C80,other,no,0x0EFCF0,0A 30 BF FF A6 FF 1C 80 C5 81 F0 17 29 40 E2 51 82 15
0x3E9,0x03FF81C5,C581,0x0EFDC6,DD97,other,no,0x0EFDBE,4E 76 00 04 EE 37 DD 97 C5 81 F0 3F 29 40 5C E6 00 04
0x3E9,0x03FF81C5,C581,0x11820E,A457,known-load-family,yes,0x118206,10 00 B2 07 A4 39 A4 57 C5 81 7F 00 84 57 C5 81 7F 00
0x3E9,0x03FF81C5,C581,0x118214,8457,known-load-family,yes,0x11820C,A4 57 C5 81 7F 00 84 57 C5 81 7F 00 A4 57 C3 81 7F 00
0x3E9,0x03FF81C5,C581,0x11936E,2E77,possible-write-or-bitop-family,no,0x119366,6F 00 40 76 02 00 2E 77 C5 81 26 06 D4 92 FF 03 3F 06
0x4C1,0x03FF418D,8D41,0x071874,E567,possible-write-or-bitop-family,no,0x07186C,A5 53 85 57 D5 43 E5 67 8D 41 A5 8F D3 43 90 5B A5 87
0x4C1,0x03FF418D,8D41,0x09123D,F03D,other,no,0x091235,80 06 E8 1E 38 06 F0 3D 8D 41 05 C2 04 FC 03 FE 03 FD
0x4C1,0x03FF418D,8D41,0x112E80,8A57,known-load-family,yes,0x112E78,7F 00 40 56 FF 03 8A 57 8D 41 7F 00 00 02 80 FF BC DB
0x4C1,0x03FF83D3,D383,0x117F6C,AA57,known-load-family,yes,0x117F64,7F 00 40 56 00 04 AA 57 D3 83 7F 00 40 56 00 04 8A 57
0x4C1,0x03FF83D3,D383,0x117F80,8A57,known-load-family,yes,0x117F78,7F 00 40 56 00 04 8A 57 D3 83 7F 00 40 56 00 04 8A 57
0x4C1,0x03FF83D5,D583,0x0EA50C,2F7F,possible-write-or-bitop-family,no,0x0EA504,1B 30 40 7E 02 00 2F 7F D5 83 1C 80 10 38 3F 06 1A A5
0x4C1,0x03FF83D5,D583,0x117F58,AA57,known-load-family,yes,0x117F50,7F 00 40 56 00 04 AA 57 D5 83 7F 00 40 56 00 04 8A 57
0x4C1,0x03FF83D5,D583,0x117F62,8A57,known-load-family,yes,0x117F5A,7F 00 40 56 00 04 8A 57 D5 83 7F 00 40 56 00 04 AA 57
0x4C1,0x03FF83D7,D783,0x117F44,AA57,known-load-family,yes,0x117F3C,7F 00 40 56 00 04 AA 57 D7 83 7F 00 40 56 00 04 8A 57
0x4C1,0x03FF83D7,D783,0x117F4E,8A57,known-load-family,yes,0x117F46,7F 00 40 56 00 04 8A 57 D7 83 7F 00 40 56 00 04 AA 57
0x4C1,0x03FF83D9,D983,0x0D9E85,FF04,other,no,0x0D9E7D,12 5D 17 05 00 83 FF 04 D9 83 FF 00 DC D5 05 5D 07 05
0x4C1,0x03FF83D9,D983,0x117F30,AA57,known-load-family,yes,0x117F28,7F 00 40 56 00 04 AA 57 D9 83 7F 00 40 56 00 04 8A 57
0x4C1,0x03FF83D9,D983,0x117F3A,8A57,known-load-family,yes,0x117F32,7F 00 40 56 00 04 8A 57 D9 83 7F 00 40 56 00 04 AA 57
0x4C1,0x03FF83DB,DB83,0x0D9E93,FF5A,other,no,0x0D9E8B,05 5D 07 05 00 83 FF 5A DB 83 FF A8 D9 02 12 A5 0D 24
0x4C1,0x03FF83DB,DB83,0x0D9EE1,FF74,other,no,0x0D9ED9,02 0A 02 06 E8 83 FF 74 DB 83 FF A8 D9 02 12 5D 17 0D
0x4C1,0x03FF83DB,DB83,0x117F1C,AA57,known-load-family,yes,0x117F14,7F 00 40 56 00 04 AA 57 DB 83 7F 00 40 56 00 04 8A 57
0x4C1,0x03FF83DB,DB83,0x117F26,8A57,known-load-family,yes,0x117F1E,7F 00 40 56 00 04 8A 57 DB 83 7F 00 40 56 00 04 AA 57
0x4C1,0x03FF83DD,DD83,0x016A08,1000,other,no,0x016A00,E3 83 FF 03 01 00 10 00 DD 83 FF 03 01 00 10 00 40 84
0x4C1,0x03FF83DD,DD83,0x0D83CA,4117,other,no,0x0D83C2,01 12 40 0E 00 04 41 17 DD 83 7F 00 0A 02 24 EF 81 80
0x4C1,0x03FF83DD,DD83,0x0EA56C,2F7F,possible-write-or-bitop-family,no,0x0EA564,0A E9 40 7E 02 00 2F 7F DD 83 9D 00 1B 30 3F 06 7A A5
0x4C1,0x03FF83DD,DD83,0x117F76,8A57,known-load-family,yes,0x117F6E,7F 00 40 56 00 04 8A 57 DD 83 7F 00 40 56 00 04 8A 57
0x4C1,0x03FF8707,0787,0x002CAD,0766,other,no,0x002CA5,89 31 36 04 00 80 07 66 07 87 00 07 30 C3 32 2D 06 92
0x4C1,0x03FF8707,0787,0x03C08F,0341,other,no,0x03C087,E6 FF 03 40 0E FF 03 41 07 87 18 8D FF C2 C1 7C 57 95
0x4C1,0x03FF8707,0787,0x08C550,0000,other,no,0x08C548,48 17 01 00 47 57 00 00 07 87 00 00 5F 87 00 00 16 02
0x4C1,0x03FF8707,0787,0x0ACBE7,0046,other,no,0x0ACBDF,04 B7 04 46 07 86 00 46 07 87 00 46 07 88 00 46 07 89
0x4C1,0x03FF8707,0787,0x0AD223,005D,other,no,0x0AD21B,6F 0B 00 5D 07 88 00 5D 07 87 00 5D 07 86 00 5D 6F 8C
0x4C1,0x03FF8707,0787,0x0AD3B9,0046,other,no,0x0AD3B1,07 8C 00 46 07 89 00 46 07 87 00 46 07 8D 00 46 07 8A
0x4C1,0x03FF8707,0787,0x0ADA0F,805D,other,no,0x0ADA07,FF A2 7E 24 17 81 80 5D 07 87 00 1E 30 02 F0 66 78 5D
0x4C1,0x03FF8707,0787,0x0C2DC3,0046,other,no,0x0C2DBB,0D 01 12 46 17 89 00 46 07 87 00 E0 81 F2 05 A6 6F 8F
0x4C1,0x03FF8707,0787,0x0C35A3,005D,other,no,0x0C359B,00 FF 03 5D 07 84 00 5D 07 87 00 5D 07 82 00 5D 07 80
0x4C1,0x03FF8707,0787,0x0C3B3F,005D,other,no,0x0C3B37,00 D5 05 5D 17 7C 00 5D 07 87 00 24 17 81 80 82 87 0D
0x4C1,0x03FF8707,0787,0x0C3BC3,005D,other,no,0x0C3BBB,12 B8 8C 5D 17 89 00 5D 07 87 00 FE 03 FD 13 5D 07 86
0x4C1,0x03FF8707,0787,0x0C3BFF,005D,other,no,0x0C3BF7,02 01 12 5D 17 89 00 5D 07 87 00 5D 07 86 00 3D 67 01
0x4C1,0x03FF8707,0787,0x11815A,AA57,known-load-family,yes,0x118152,7F 00 40 56 00 04 AA 57 07 87 7F 00 40 56 00 04 2A 57
0x4C1,0x03FF8707,0787,0x17B585,800B,other,no,0x17B57D,09 82 02 86 03 00 80 0B 07 87 06 88 07 00 00 28 00 80
0x4D1,0x03FF418D,8D41,0x071874,E567,possible-write-or-bitop-family,no,0x07186C,A5 53 85 57 D5 43 E5 67 8D 41 A5 8F D3 43 90 5B A5 87
0x4D1,0x03FF418D,8D41,0x09123D,F03D,other,no,0x091235,80 06 E8 1E 38 06 F0 3D 8D 41 05 C2 04 FC 03 FE 03 FD
0x4D1,0x03FF418D,8D41,0x112E80,8A57,known-load-family,yes,0x112E78,7F 00 40 56 FF 03 8A 57 8D 41 7F 00 00 02 80 FF BC DB
0x4D1,0x03FF7757,5777,0x027ED6,6612,other,no,0x027ECE,C3 81 90 77 21 00 66 12 57 77 00 00 99 0D 02 88 C3 89
0x4D1,0x03FF7757,5777,0x02D937,03EA,other,no,0x02D92F,00 7F 00 40 56 FF 03 EA 57 77 0E 81 52 CA 00 7F 00 40
0x4D1,0x03FF7757,5777,0x033429,038A,other,no,0x033421,07 16 01 40 56 FF 03 8A 57 77 11 62 52 8A 25 04 32 80
0x4D1,0x03FF7757,5777,0x04FBF3,25A5,other,no,0x04FBEB,00 C5 25 62 62 AA 25 A5 57 77 69 9D 37 0D 00 EA 31 C9
0x4D1,0x03FF7757,5777,0x04FF45,25A5,other,no,0x04FF3D,00 C5 25 62 62 AA 25 A5 57 77 69 9D 37 0D 00 EA 31 C9
0x4D1,0x03FF7757,5777,0x06F1AB,00BD,other,no,0x06F1A3,17 70 00 BB 8F 37 00 BD 57 77 00 F1 51 82 55 9B 77 35
0x4D1,0x03FF7757,5777,0x06F689,00BD,other,no,0x06F681,05 06 F0 BB 8F 37 00 BD 57 77 00 F1 51 F2 15 24 7F 81
0x4D1,0x03FF7757,5777,0x06F769,005D,other,no,0x06F761,57 37 00 AB 5F 05 00 5D 57 77 00 19 50 8A 00 5D 5F 76
0x4D1,0x03FF7757,5777,0x0702F7,0042,other,no,0x0702EF,03 01 52 42 57 8D 00 42 57 77 01 42 57 BA 01 7F 00 01
0x4D1,0x03FF7757,5777,0x07C6E1,038A,other,no,0x07C6D9,05 01 E2 40 56 FF 03 8A 57 77 40 00 72 9C 00 E0 51 C2
0x4D1,0x03FF7757,5777,0x0AC4FF,05A5,other,no,0x0AC4F7,5F 01 00 62 5A FA 05 A5 57 77 57 61 52 BA 05 80 07 48
0x4D1,0x03FF7757,5777,0x0AE0E3,DDFD,other,no,0x0AE0DB,5F E3 57 EB E1 A1 DD FD 57 77 00 E5 17 71 56 E2 51 B1
0x4D1,0x03FF7757,5777,0x0C338B,005D,other,no,0x0C3383,30 C6 00 83 FF 6C 00 5D 57 77 00 85 35 1B D0 C1 D2 25
0x4D1,0x03FF7757,5777,0x0C81E6,AF7F,possible-write-or-bitop-family,no,0x0C81DE,01 00 46 87 07 00 AF 7F 57 77 2C 67 11 00 40 6E FF 03
0x4D1,0x03FF7757,5777,0x0ECC61,00E5,other,no,0x0ECC59,67 00 00 63 67 01 00 E5 57 77 42 E2 5F 00 00 63 57 05
0x4D1,0x03FF7757,5777,0x10CFA9,03AA,other,no,0x10CFA1,89 DA 05 40 56 FF 03 AA 57 77 0D 7F 00 40 8E FF 03 B1
0x4D1,0x03FF7757,5777,0x10CFC3,038A,other,no,0x10CFBB,89 DA 05 40 56 FF 03 8A 57 77 0D 7F 00 40 8E FF 03 B1
0x4D1,0x03FF7757,5777,0x111387,03AA,other,no,0x11137F,1E 7F 00 40 56 FF 03 AA 57 77 20 7F 00 40 16 FF 03 22
0x4D1,0x03FF7757,5777,0x111BC3,038A,other,no,0x111BBB,27 7F 00 40 56 FF 03 8A 57 77 20 7F 00 40 56 FF 03 8A
0x4D1,0x03FF7757,5777,0x112219,03EA,other,no,0x112211,3E 7F 00 40 56 FF 03 EA 57 77 3E 7F 00 40 56 FF 03 EA
0x4D1,0x03FF7757,5777,0x112283,03AA,other,no,0x11227B,3D 7F 00 40 56 FF 03 AA 57 77 40 7F 00 40 56 FF 03 8A
0x4D1,0x03FF7757,5777,0x1122C9,038A,other,no,0x1122C1,3C 7F 00 40 56 FF 03 8A 57 77 39 7F 00 40 56 FF 03 AA
0x4D1,0x03FF7757,5777,0x1122D3,03AA,other,no,0x1122CB,39 7F 00 40 56 FF 03 AA 57 77 39 7F 00 40 56 FF 03 AA
0x4D1,0x03FF7757,5777,0x11701C,AA57,known-load-family,yes,0x117014,7F 00 40 56 FF 03 AA 57 57 77 7F 00 40 56 FF 03 EA 57
0x4D1,0x03FF7757,5777,0x118AFB,04AA,other,no,0x118AF3,8B 7F 00 40 56 00 04 AA 57 77 8B 7F 00 40 56 00 04 8A
0x4D1,0x03FF7757,5777,0x11A187,04AA,other,no,0x11A17F,9C 7F 00 40 56 00 04 AA 57 77 98 7F 00 40 56 00 04 EA
0x4D1,0x03FF83D3,D383,0x117F6C,AA57,known-load-family,yes,0x117F64,7F 00 40 56 00 04 AA 57 D3 83 7F 00 40 56 00 04 8A 57
0x4D1,0x03FF83D3,D383,0x117F80,8A57,known-load-family,yes,0x117F78,7F 00 40 56 00 04 8A 57 D3 83 7F 00 40 56 00 04 8A 57
0x4D1,0x03FF83D5,D583,0x0EA50C,2F7F,possible-write-or-bitop-family,no,0x0EA504,1B 30 40 7E 02 00 2F 7F D5 83 1C 80 10 38 3F 06 1A A5
0x4D1,0x03FF83D5,D583,0x117F58,AA57,known-load-family,yes,0x117F50,7F 00 40 56 00 04 AA 57 D5 83 7F 00 40 56 00 04 8A 57
0x4D1,0x03FF83D5,D583,0x117F62,8A57,known-load-family,yes,0x117F5A,7F 00 40 56 00 04 8A 57 D5 83 7F 00 40 56 00 04 AA 57
0x4D1,0x03FF83D7,D783,0x117F44,AA57,known-load-family,yes,0x117F3C,7F 00 40 56 00 04 AA 57 D7 83 7F 00 40 56 00 04 8A 57
0x4D1,0x03FF83D7,D783,0x117F4E,8A57,known-load-family,yes,0x117F46,7F 00 40 56 00 04 8A 57 D7 83 7F 00 40 56 00 04 AA 57
0x4D1,0x03FF83D9,D983,0x0D9E85,FF04,other,no,0x0D9E7D,12 5D 17 05 00 83 FF 04 D9 83 FF 00 DC D5 05 5D 07 05
0x4D1,0x03FF83D9,D983,0x117F30,AA57,known-load-family,yes,0x117F28,7F 00 40 56 00 04 AA 57 D9 83 7F 00 40 56 00 04 8A 57
0x4D1,0x03FF83D9,D983,0x117F3A,8A57,known-load-family,yes,0x117F32,7F 00 40 56 00 04 8A 57 D9 83 7F 00 40 56 00 04 AA 57
0x4D1,0x03FF83DB,DB83,0x0D9E93,FF5A,other,no,0x0D9E8B,05 5D 07 05 00 83 FF 5A DB 83 FF A8 D9 02 12 A5 0D 24
0x4D1,0x03FF83DB,DB83,0x0D9EE1,FF74,other,no,0x0D9ED9,02 0A 02 06 E8 83 FF 74 DB 83 FF A8 D9 02 12 5D 17 0D
0x4D1,0x03FF83DB,DB83,0x117F1C,AA57,known-load-family,yes,0x117F14,7F 00 40 56 00 04 AA 57 DB 83 7F 00 40 56 00 04 8A 57
0x4D1,0x03FF83DB,DB83,0x117F26,8A57,known-load-family,yes,0x117F1E,7F 00 40 56 00 04 8A 57 DB 83 7F 00 40 56 00 04 AA 57
0x4D1,0x03FF83DD,DD83,0x016A08,1000,other,no,0x016A00,E3 83 FF 03 01 00 10 00 DD 83 FF 03 01 00 10 00 40 84
0x4D1,0x03FF83DD,DD83,0x0D83CA,4117,other,no,0x0D83C2,01 12 40 0E 00 04 41 17 DD 83 7F 00 0A 02 24 EF 81 80
0x4D1,0x03FF83DD,DD83,0x0EA56C,2F7F,possible-write-or-bitop-family,no,0x0EA564,0A E9 40 7E 02 00 2F 7F DD 83 9D 00 1B 30 3F 06 7A A5
0x4D1,0x03FF83DD,DD83,0x117F76,8A57,known-load-family,yes,0x117F6E,7F 00 40 56 00 04 8A 57 DD 83 7F 00 40 56 00 04 8A 57
