frame_id,raw,offset,mapped_address_guess,context,table_group,table_index
0x1F1,0x07C40000,0x01770A,0x8001770A,inside_structured_table,Filter/mask table A,
0x641,0x19040000,0x01DE78,0x8001DE78,table_entry,Group A,1
0x641,0x19040000,0x01DE7C,0x8001DE7C,table_entry,Group A,2
0x641,0x19040000,0x01E004,0x8001E004,table_entry,Group A,100
0x641,0x19040000,0x01E008,0x8001E008,table_entry,Group A,101
0x1F1,0x07C40000,0x01E04C,0x8001E04C,table_entry,Group A,118
0x160,0x05800000,0x01E054,0x8001E054,table_entry,Group A,120
0x241,0x09040000,0x01E8B0,0x8001E8B0,table_entry,Group B,32
0x4F1,0x13C40000,0x01E994,0x8001E994,table_entry,Group B,89
0x4D1,0x13440000,0x01E998,0x8001E998,table_entry,Group B,90
0x4C1,0x13040000,0x01E9A0,0x8001E9A0,table_entry,Group B,92
0x3E9,0x0FA40000,0x01E9AC,0x8001E9AC,table_entry,Group B,95
0x3D1,0x0F440000,0x01E9B4,0x8001E9B4,table_entry,Group B,97
0x241,0x09040000,0x01E9F0,0x8001E9F0,table_entry,Group B,112
0x0C9,0x03240000,0x01EA74,0x8001EA74,table_entry,Group B,145
0x4D1,0x13440000,0x022246,0x80022246,inside_structured_table,Dispatch/wrapper table,
0x160,0x05800000,0x02249E,0x8002249E,inside_structured_table,Dispatch/wrapper table,
0x1F1,0x07C40000,0x025D52,0x80025D52,inside_structured_table,Filter/mask table B,
