table,index,offset,object_key,handler,entry_class,matching_primary_can_entries,matching_filter_entries,inference
Dispatch/wrapper table,0,0x021A40,0x8001,0x131580,1,,,message-object key to handler wrapper/function and class
Dispatch/wrapper table,1,0x021A4C,0x8004,0x131566,1,,,message-object key to handler wrapper/function and class
Dispatch/wrapper table,2,0x021A58,0x8005,0x13154C,1,,,message-object key to handler wrapper/function and class
Dispatch/wrapper table,3,0x021A64,0x8007,0x131532,1,,,message-object key to handler wrapper/function and class
Dispatch/wrapper table,4,0x021A70,0x800C,0x133B04,1,,,message-object key to handler wrapper/function and class
Dispatch/wrapper table,5,0x021A7C,0x800F,0x131F7E,1,,,message-object key to handler wrapper/function and class
Dispatch/wrapper table,6,0x021A88,0x8010,0x131F64,1,,,message-object key to handler wrapper/function and class
Dispatch/wrapper table,7,0x021A94,0x8011,0x131F4A,1,,,message-object key to handler wrapper/function and class
Dispatch/wrapper table,8,0x021AA0,0x8012,0x131F30,1,,,message-object key to handler wrapper/function and class
Dispatch/wrapper table,9,0x021AAC,0x8040,0x133AAC,1,Group B[78] 0x010 flags=0x0A000,,message-object key to handler wrapper/function and class
Dispatch/wrapper table,10,0x021AB8,0x8041,0x134D0C,1,Group B[77] 0x010 flags=0x12000,,message-object key to handler wrapper/function and class
Dispatch/wrapper table,11,0x021AC4,0x8042,0x131F16,1,Group B[76] 0x010 flags=0x24000,,message-object key to handler wrapper/function and class
Dispatch/wrapper table,12,0x021AD0,0x8043,0x134CD8,1,Group B[74] 0x010 flags=0x3C000; Group B[75] 0x010 flags=0x30000,,message-object key to handler wrapper/function and class
Dispatch/wrapper table,13,0x021ADC,0x8044,0x133A54,1,Group B[73] 0x011 flags=0x00000,,message-object key to handler wrapper/function and class
Dispatch/wrapper table,14,0x021AE8,0x8045,0x131EFC,1,,,message-object key to handler wrapper/function and class
Dispatch/wrapper table,15,0x021AF4,0x8048,0x134CA4,1,,,message-object key to handler wrapper/function and class
Dispatch/wrapper table,16,0x021B00,0x804C,0x13288C,2,,,message-object key to handler wrapper/function and class
Dispatch/wrapper table,17,0x021B0C,0x804D,0x1327F4,2,,,message-object key to handler wrapper/function and class
Dispatch/wrapper table,18,0x021B18,0x8056,0x13275C,2,,,message-object key to handler wrapper/function and class
Dispatch/wrapper table,19,0x021B24,0x8057,0x1326C4,2,,,message-object key to handler wrapper/function and class
Dispatch/wrapper table,20,0x021B30,0x805D,0x1339FC,1,,,message-object key to handler wrapper/function and class
Dispatch/wrapper table,21,0x021B3C,0x805E,0x1339A4,1,,,message-object key to handler wrapper/function and class
Dispatch/wrapper table,22,0x021B48,0x805F,0x13394C,1,,,message-object key to handler wrapper/function and class
Dispatch/wrapper table,23,0x021B54,0x8071,0x1338F4,1,Group B[16] 0x01C flags=0x12000; Group B[17] 0x01C flags=0x10000,,message-object key to handler wrapper/function and class
Dispatch/wrapper table,24,0x021B60,0x807A,0x13389C,1,Group B[4] 0x01E flags=0x20000,,message-object key to handler wrapper/function and class
Dispatch/wrapper table,25,0x021B6C,0x807B,0x133844,1,Group B[2] 0x01E flags=0x3A000; Group B[3] 0x01E flags=0x36000; Group B[35] 0x01E flags=0x32000,,message-object key to handler wrapper/function and class
Dispatch/wrapper table,26,0x021B78,0x807F,0x1337EC,1,,,message-object key to handler wrapper/function and class
Dispatch/wrapper table,27,0x021B84,0x8085,0x133794,1,,,message-object key to handler wrapper/function and class
Dispatch/wrapper table,28,0x021B90,0x8086,0x13373C,1,Group B[62] 0x021 flags=0x28000,,message-object key to handler wrapper/function and class
Dispatch/wrapper table,29,0x021B9C,0x8087,0x134C70,1,Group B[61] 0x021 flags=0x30000,,message-object key to handler wrapper/function and class
Dispatch/wrapper table,30,0x021BA8,0x8088,0x134C3C,1,,,message-object key to handler wrapper/function and class
Dispatch/wrapper table,31,0x021BB4,0x8089,0x13262C,2,,,message-object key to handler wrapper/function and class
Dispatch/wrapper table,32,0x021BC0,0x808A,0x1336E4,1,,,message-object key to handler wrapper/function and class
Dispatch/wrapper table,33,0x021BCC,0x808B,0x13368C,1,,,message-object key to handler wrapper/function and class
Dispatch/wrapper table,34,0x021BD8,0x808C,0x132594,2,,,message-object key to handler wrapper/function and class
Dispatch/wrapper table,35,0x021BE4,0x808D,0x134BE8,1,,,message-object key to handler wrapper/function and class
Dispatch/wrapper table,36,0x021BF0,0x808E,0x133634,1,Group B[34] 0x023 flags=0x20000,,message-object key to handler wrapper/function and class
Dispatch/wrapper table,37,0x021BFC,0x808F,0x131EE2,1,,,message-object key to handler wrapper/function and class
Dispatch/wrapper table,38,0x021C08,0x8090,0x131EC8,1,,,message-object key to handler wrapper/function and class
Dispatch/wrapper table,39,0x021C14,0x8093,0x1335DC,1,,,message-object key to handler wrapper/function and class
Dispatch/wrapper table,40,0x021C20,0x8094,0x134BB4,1,,,message-object key to handler wrapper/function and class
Dispatch/wrapper table,41,0x021C2C,0x8095,0x134B70,1,,,message-object key to handler wrapper/function and class
Dispatch/wrapper table,42,0x021C38,0x8099,0x131EAE,1,,,message-object key to handler wrapper/function and class
Dispatch/wrapper table,43,0x021C44,0x809B,0x133584,1,,,message-object key to handler wrapper/function and class
Dispatch/wrapper table,44,0x021C50,0x809C,0x13352C,1,,,message-object key to handler wrapper/function and class
Dispatch/wrapper table,45,0x021C5C,0x809D,0x1334D4,1,,,message-object key to handler wrapper/function and class
Dispatch/wrapper table,46,0x021C68,0x809F,0x13347C,1,,,message-object key to handler wrapper/function and class
Dispatch/wrapper table,47,0x021C74,0x80A4,0x131E94,1,,,message-object key to handler wrapper/function and class
Dispatch/wrapper table,48,0x021C80,0x80A7,0x134B2C,1,,,message-object key to handler wrapper/function and class
Dispatch/wrapper table,49,0x021C8C,0x80A9,0x134AF8,1,,,message-object key to handler wrapper/function and class
Dispatch/wrapper table,50,0x021C98,0x80AA,0x134AC4,1,,,message-object key to handler wrapper/function and class
Dispatch/wrapper table,51,0x021CA4,0x80AE,0x134A90,1,Group B[53] 0x02B flags=0x28000; Group B[54] 0x02B flags=0x26000; Group B[55] 0x02B flags=0x24000,,message-object key to handler wrapper/function and class
Dispatch/wrapper table,52,0x021CB0,0x80AF,0x134A5C,1,,,message-object key to handler wrapper/function and class
Dispatch/wrapper table,53,0x021CBC,0x80B6,0x131518,1,,,message-object key to handler wrapper/function and class
Dispatch/wrapper table,54,0x021CC8,0x80D7,0x134A08,1,,,message-object key to handler wrapper/function and class
Dispatch/wrapper table,55,0x021CD4,0x80DB,0x1349B4,1,,,message-object key to handler wrapper/function and class
Dispatch/wrapper table,56,0x021CE0,0x8108,0x134980,1,,,message-object key to handler wrapper/function and class
Dispatch/wrapper table,57,0x021CEC,0x8109,0x13494C,1,,,message-object key to handler wrapper/function and class
Dispatch/wrapper table,58,0x021CF8,0x8134,0x133424,1,,,message-object key to handler wrapper/function and class
Dispatch/wrapper table,59,0x021D04,0x8136,0x131E7A,1,,,message-object key to handler wrapper/function and class
Dispatch/wrapper table,60,0x021D10,0x813B,0x134908,1,,,message-object key to handler wrapper/function and class
Dispatch/wrapper table,61,0x021D1C,0x815D,0x13061C,4,,,message-object key to handler wrapper/function and class
Dispatch/wrapper table,62,0x021D28,0x81AB,0x1324FC,2,,,message-object key to handler wrapper/function and class
Dispatch/wrapper table,63,0x021D34,0x8204,0x1314FE,1,,,message-object key to handler wrapper/function and class
Dispatch/wrapper table,64,0x021D40,0x8205,0x1314E4,1,,,message-object key to handler wrapper/function and class
Dispatch/wrapper table,65,0x021D4C,0x8206,0x1314CA,1,,,message-object key to handler wrapper/function and class
Dispatch/wrapper table,66,0x021D58,0x8207,0x1314B0,1,,,message-object key to handler wrapper/function and class
Dispatch/wrapper table,67,0x021D64,0x8208,0x131496,1,,,message-object key to handler wrapper/function and class
Dispatch/wrapper table,68,0x021D70,0x820E,0x131E60,1,,,message-object key to handler wrapper/function and class
Dispatch/wrapper table,69,0x021D7C,0x8223,0x132464,2,,,message-object key to handler wrapper/function and class
Dispatch/wrapper table,70,0x021D88,0x8225,0x1348D4,1,,,message-object key to handler wrapper/function and class
Dispatch/wrapper table,71,0x021D94,0x8227,0x1333CC,1,,,message-object key to handler wrapper/function and class
Dispatch/wrapper table,72,0x021DA0,0x824B,0x1348A0,1,,,message-object key to handler wrapper/function and class
Dispatch/wrapper table,73,0x021DAC,0x82D5,0x12F860,2,,,message-object key to handler wrapper/function and class
Dispatch/wrapper table,74,0x021DB8,0x82D6,0x13147C,1,,,message-object key to handler wrapper/function and class
Dispatch/wrapper table,75,0x021DC4,0x82D7,0x131462,1,,,message-object key to handler wrapper/function and class
Dispatch/wrapper table,76,0x021DD0,0x82D8,0x131448,1,,,message-object key to handler wrapper/function and class
Dispatch/wrapper table,77,0x021DDC,0x82D9,0x13486C,1,,,message-object key to handler wrapper/function and class
Dispatch/wrapper table,78,0x021DE8,0x82F6,0x134838,1,,,message-object key to handler wrapper/function and class
Dispatch/wrapper table,79,0x021DF4,0x83FA,0x130E36,2,,,message-object key to handler wrapper/function and class
Dispatch/wrapper table,80,0x021E00,0x9001,0x131E46,1,,,message-object key to handler wrapper/function and class
Dispatch/wrapper table,81,0x021E0C,0x9002,0x131E2C,1,,,message-object key to handler wrapper/function and class
Dispatch/wrapper table,82,0x021E18,0x9003,0x131E12,1,,,message-object key to handler wrapper/function and class
Dispatch/wrapper table,83,0x021E24,0x9004,0x131DF8,1,,,message-object key to handler wrapper/function and class
Dispatch/wrapper table,84,0x021E30,0x9005,0x130E1C,2,,,message-object key to handler wrapper/function and class
Dispatch/wrapper table,85,0x021E3C,0x9006,0x131DDE,1,,,message-object key to handler wrapper/function and class
Dispatch/wrapper table,86,0x021E48,0x9007,0x131DC4,1,,,message-object key to handler wrapper/function and class
Dispatch/wrapper table,87,0x021E54,0x9008,0x131DAA,1,,,message-object key to handler wrapper/function and class
Dispatch/wrapper table,88,0x021E60,0x9009,0x131D90,1,,,message-object key to handler wrapper/function and class
Dispatch/wrapper table,89,0x021E6C,0x900A,0x131D76,1,,,message-object key to handler wrapper/function and class
Dispatch/wrapper table,90,0x021E78,0x900B,0x131D5C,1,,,message-object key to handler wrapper/function and class
Dispatch/wrapper table,91,0x021E84,0x900C,0x133374,1,,,message-object key to handler wrapper/function and class
Dispatch/wrapper table,92,0x021E90,0x900D,0x131D42,1,,,message-object key to handler wrapper/function and class
Dispatch/wrapper table,93,0x021E9C,0x9010,0x131D28,1,,,message-object key to handler wrapper/function and class
Dispatch/wrapper table,94,0x021EA8,0x9011,0x131D0E,1,,,message-object key to handler wrapper/function and class
Dispatch/wrapper table,95,0x021EB4,0x9012,0x13142E,1,,,message-object key to handler wrapper/function and class
Dispatch/wrapper table,96,0x021EC0,0x9013,0x131CF4,1,,,message-object key to handler wrapper/function and class
Dispatch/wrapper table,97,0x021ECC,0x9014,0x131CDA,1,,,message-object key to handler wrapper/function and class
Dispatch/wrapper table,98,0x021ED8,0x9018,0x131CC0,1,,,message-object key to handler wrapper/function and class
Dispatch/wrapper table,99,0x021EE4,0x9019,0x130602,4,,,message-object key to handler wrapper/function and class
Dispatch/wrapper table,100,0x021EF0,0x901B,0x131CA6,1,,,message-object key to handler wrapper/function and class
Dispatch/wrapper table,101,0x021EFC,0x901F,0x130E02,2,,,message-object key to handler wrapper/function and class
Dispatch/wrapper table,102,0x021F08,0x9020,0x130DE8,2,Group A[91] 0x408 flags=0x0C000,,message-object key to handler wrapper/function and class
Dispatch/wrapper table,103,0x021F14,0x9021,0x130DCE,2,Group A[90] 0x408 flags=0x10000,,message-object key to handler wrapper/function and class
Dispatch/wrapper table,104,0x021F20,0x9022,0x1347F4,1,Group A[86] 0x408 flags=0x2E000; Group A[87] 0x408 flags=0x2C000; Group A[88] 0x408 flags=0x2A000; Group A[89] 0x408 flags=0x20000,,message-object key to handler wrapper/function and class
Dispatch/wrapper table,105,0x021F2C,0x9023,0x1305E8,4,Group A[83] 0x408 flags=0x38000; Group A[84] 0x408 flags=0x34000; Group A[85] 0x408 flags=0x30000,,message-object key to handler wrapper/function and class
Dispatch/wrapper table,106,0x021F38,0x9024,0x1305CE,4,Group A[80] 0x409 flags=0x08000; Group A[81] 0x409 flags=0x02000; Group A[82] 0x409 flags=0x00000,,message-object key to handler wrapper/function and class
Dispatch/wrapper table,107,0x021F44,0x9025,0x131414,1,Group A[78] 0x409 flags=0x14000; Group A[79] 0x409 flags=0x10000,,message-object key to handler wrapper/function and class
Dispatch/wrapper table,108,0x021F50,0x9026,0x1313FA,1,Group A[76] 0x409 flags=0x24000; Group A[77] 0x409 flags=0x20000,,message-object key to handler wrapper/function and class
Dispatch/wrapper table,109,0x021F5C,0x9027,0x13331C,1,,,message-object key to handler wrapper/function and class
Dispatch/wrapper table,110,0x021F68,0x9029,0x131C8C,1,,,message-object key to handler wrapper/function and class
Dispatch/wrapper table,111,0x021F74,0x902A,0x1332C4,1,,,message-object key to handler wrapper/function and class
Dispatch/wrapper table,112,0x021F80,0x902B,0x1347C0,1,Group A[73] 0x40A flags=0x30000,,message-object key to handler wrapper/function and class
Dispatch/wrapper table,113,0x021F8C,0x902C,0x13478C,1,Group A[69] 0x40B flags=0x0E000; Group A[70] 0x40B flags=0x0C000; Group A[71] 0x40B flags=0x0A000; Group A[72] 0x40B flags=0x00000,,message-object key to handler wrapper/function and class
Dispatch/wrapper table,114,0x021F98,0x902D,0x134758,1,Group A[67] 0x40B flags=0x14000; Group A[68] 0x40B flags=0x10000,,message-object key to handler wrapper/function and class
Dispatch/wrapper table,115,0x021FA4,0x902E,0x134724,1,Group A[66] 0x40B flags=0x20000,,message-object key to handler wrapper/function and class
Dispatch/wrapper table,116,0x021FB0,0x902F,0x1346E0,1,Group A[65] 0x40B flags=0x3E000,,message-object key to handler wrapper/function and class
Dispatch/wrapper table,117,0x021FBC,0x9030,0x1346AC,1,,,message-object key to handler wrapper/function and class
Dispatch/wrapper table,118,0x021FC8,0x9031,0x130DB4,2,,,message-object key to handler wrapper/function and class
Dispatch/wrapper table,119,0x021FD4,0x9032,0x131C72,1,,,message-object key to handler wrapper/function and class
Dispatch/wrapper table,120,0x021FE0,0x9033,0x13326C,1,,,message-object key to handler wrapper/function and class
Dispatch/wrapper table,121,0x021FEC,0x9035,0x133214,1,,,message-object key to handler wrapper/function and class
Dispatch/wrapper table,122,0x021FF8,0x9036,0x1331BC,1,,,message-object key to handler wrapper/function and class
Dispatch/wrapper table,123,0x022004,0x9037,0x131C58,1,,,message-object key to handler wrapper/function and class
Dispatch/wrapper table,124,0x022010,0x9038,0x1323CC,2,Group A[64] 0x40E flags=0x0C000,,message-object key to handler wrapper/function and class
Dispatch/wrapper table,125,0x02201C,0x903A,0x134678,1,Group A[61] 0x40E flags=0x26000,,message-object key to handler wrapper/function and class
Dispatch/wrapper table,126,0x022028,0x903B,0x12FCEE,4,Group A[60] 0x40E flags=0x34000,,message-object key to handler wrapper/function and class
Dispatch/wrapper table,127,0x022034,0x903C,0x12FCCC,4,Group A[59] 0x40F flags=0x04000,,message-object key to handler wrapper/function and class
Dispatch/wrapper table,128,0x022040,0x903D,0x133164,1,Group A[56] 0x40F flags=0x1C000; Group A[57] 0x40F flags=0x14000; Group A[58] 0x40F flags=0x10000,,message-object key to handler wrapper/function and class
Dispatch/wrapper table,129,0x02204C,0x903E,0x13310C,1,,,message-object key to handler wrapper/function and class
Dispatch/wrapper table,130,0x022058,0x903F,0x131C3E,1,,,message-object key to handler wrapper/function and class
Dispatch/wrapper table,131,0x022064,0x9040,0x134624,1,Group A[55] 0x410 flags=0x00000,,message-object key to handler wrapper/function and class
Dispatch/wrapper table,132,0x022070,0x9041,0x1330B4,1,Group A[54] 0x410 flags=0x14000,,message-object key to handler wrapper/function and class
Dispatch/wrapper table,133,0x02207C,0x9042,0x131C24,1,Group A[52] 0x410 flags=0x28000; Group A[53] 0x410 flags=0x24000,,message-object key to handler wrapper/function and class
Dispatch/wrapper table,134,0x022088,0x9043,0x1345D0,1,Group A[51] 0x410 flags=0x38000,,message-object key to handler wrapper/function and class
Dispatch/wrapper table,135,0x022094,0x9044,0x13305C,1,,,message-object key to handler wrapper/function and class
Dispatch/wrapper table,136,0x0220A0,0x9046,0x133004,1,,,message-object key to handler wrapper/function and class
Dispatch/wrapper table,137,0x0220AC,0x9047,0x132FAC,1,,,message-object key to handler wrapper/function and class
Dispatch/wrapper table,138,0x0220B8,0x9048,0x131C0A,1,,,message-object key to handler wrapper/function and class
Dispatch/wrapper table,139,0x0220C4,0x9049,0x13457C,1,,,message-object key to handler wrapper/function and class
Dispatch/wrapper table,140,0x0220D0,0x904A,0x132F54,1,,,message-object key to handler wrapper/function and class
Dispatch/wrapper table,141,0x0220DC,0x904D,0x12FCAA,4,,,message-object key to handler wrapper/function and class
Dispatch/wrapper table,142,0x0220E8,0x904E,0x12FC88,4,,,message-object key to handler wrapper/function and class
Dispatch/wrapper table,143,0x0220F4,0x9052,0x131BF0,1,,,message-object key to handler wrapper/function and class
Dispatch/wrapper table,144,0x022100,0x9053,0x131BD6,1,,,message-object key to handler wrapper/function and class
Dispatch/wrapper table,145,0x02210C,0x9054,0x131BBC,1,,,message-object key to handler wrapper/function and class
Dispatch/wrapper table,146,0x022118,0x9055,0x131BA2,1,,,message-object key to handler wrapper/function and class
Dispatch/wrapper table,147,0x022124,0x9056,0x131B88,1,,,message-object key to handler wrapper/function and class
Dispatch/wrapper table,148,0x022130,0x9057,0x131B6E,1,,,message-object key to handler wrapper/function and class
Dispatch/wrapper table,149,0x02213C,0x9058,0x131B54,1,,,message-object key to handler wrapper/function and class
Dispatch/wrapper table,150,0x022148,0x9059,0x131B3A,1,,,message-object key to handler wrapper/function and class
Dispatch/wrapper table,151,0x022154,0x905A,0x131B20,1,Group A[50] 0x416 flags=0x22000,,message-object key to handler wrapper/function and class
Dispatch/wrapper table,152,0x022160,0x905B,0x131B06,1,,,message-object key to handler wrapper/function and class
Dispatch/wrapper table,153,0x02216C,0x905C,0x131AEC,1,,,message-object key to handler wrapper/function and class
Dispatch/wrapper table,154,0x022178,0x905D,0x134548,1,,,message-object key to handler wrapper/function and class
Dispatch/wrapper table,155,0x022184,0x905F,0x131AD2,1,,,message-object key to handler wrapper/function and class
Dispatch/wrapper table,156,0x022190,0x9060,0x131AB8,1,Group A[49] 0x418 flags=0x00000,,message-object key to handler wrapper/function and class
Dispatch/wrapper table,157,0x02219C,0x9061,0x131A9E,1,,,message-object key to handler wrapper/function and class
Dispatch/wrapper table,158,0x0221A8,0x9062,0x131A84,1,Group A[48] 0x418 flags=0x2C000,,message-object key to handler wrapper/function and class
Dispatch/wrapper table,159,0x0221B4,0x9063,0x131A6A,1,Group A[47] 0x418 flags=0x32000,,message-object key to handler wrapper/function and class
Dispatch/wrapper table,160,0x0221C0,0x9064,0x131A50,1,Group A[43] 0x419 flags=0x0E000; Group A[44] 0x419 flags=0x0A000; Group A[45] 0x419 flags=0x06000; Group A[46] 0x419 flags=0x04000,,message-object key to handler wrapper/function and class
Dispatch/wrapper table,161,0x0221CC,0x9065,0x131A36,1,,,message-object key to handler wrapper/function and class
Dispatch/wrapper table,162,0x0221D8,0x9066,0x131A1C,1,,,message-object key to handler wrapper/function and class
Dispatch/wrapper table,163,0x0221E4,0x9067,0x131A02,1,,,message-object key to handler wrapper/function and class
Dispatch/wrapper table,164,0x0221F0,0x9068,0x1319E8,1,,,message-object key to handler wrapper/function and class
Dispatch/wrapper table,165,0x0221FC,0x9069,0x1313E0,1,,,message-object key to handler wrapper/function and class
Dispatch/wrapper table,166,0x022208,0x906A,0x1313C6,1,Group A[42] 0x41A flags=0x2A000,,message-object key to handler wrapper/function and class
Dispatch/wrapper table,167,0x022214,0x906B,0x1313AC,1,Group A[40] 0x41A flags=0x38000; Group A[41] 0x41A flags=0x30000,,message-object key to handler wrapper/function and class
Dispatch/wrapper table,168,0x022220,0x906C,0x131392,1,Group A[39] 0x41B flags=0x00000,,message-object key to handler wrapper/function and class
Dispatch/wrapper table,169,0x02222C,0x906D,0x131378,1,,,message-object key to handler wrapper/function and class
Dispatch/wrapper table,170,0x022238,0x906E,0x13135E,1,,,message-object key to handler wrapper/function and class
Dispatch/wrapper table,171,0x022244,0x906F,0x131344,1,Group A[35] 0x41B flags=0x3C000; Group A[36] 0x41B flags=0x38000; Group A[37] 0x41B flags=0x34000; Group A[38] 0x41B flags=0x30000,,message-object key to handler wrapper/function and class
Dispatch/wrapper table,172,0x022250,0x9070,0x13132A,1,Group A[33] 0x41C flags=0x08000; Group A[34] 0x41C flags=0x04000,,message-object key to handler wrapper/function and class
Dispatch/wrapper table,173,0x02225C,0x9071,0x131310,1,Group A[30] 0x41C flags=0x1C000; Group A[31] 0x41C flags=0x18000; Group A[32] 0x41C flags=0x14000,,message-object key to handler wrapper/function and class
Dispatch/wrapper table,174,0x022268,0x9072,0x1312F6,1,Group A[28] 0x41C flags=0x28000; Group A[29] 0x41C flags=0x22000,,message-object key to handler wrapper/function and class
Dispatch/wrapper table,175,0x022274,0x9073,0x130D9A,2,,,message-object key to handler wrapper/function and class
Dispatch/wrapper table,176,0x022280,0x9074,0x130D80,2,,,message-object key to handler wrapper/function and class
Dispatch/wrapper table,177,0x02228C,0x9075,0x130D66,2,Group A[25] 0x41D flags=0x18000; Group A[26] 0x41D flags=0x16000; Group A[27] 0x41D flags=0x14000,,message-object key to handler wrapper/function and class
Dispatch/wrapper table,178,0x022298,0x9076,0x130D4C,2,Group A[23] 0x41D flags=0x2C000; Group A[24] 0x41D flags=0x28000,,message-object key to handler wrapper/function and class
Dispatch/wrapper table,179,0x0222A4,0x9077,0x130D32,2,Group A[22] 0x41D flags=0x3C000,,message-object key to handler wrapper/function and class
Dispatch/wrapper table,180,0x0222B0,0x9078,0x130D18,2,Group A[19] 0x41E flags=0x08000; Group A[20] 0x41E flags=0x04000; Group A[21] 0x41E flags=0x00000,,message-object key to handler wrapper/function and class
Dispatch/wrapper table,181,0x0222BC,0x9079,0x130CFE,2,Group A[18] 0x41E flags=0x10000,,message-object key to handler wrapper/function and class
Dispatch/wrapper table,182,0x0222C8,0x907A,0x130CE4,2,Group A[16] 0x41E flags=0x2A000; Group A[17] 0x41E flags=0x24000,,message-object key to handler wrapper/function and class
Dispatch/wrapper table,183,0x0222D4,0x907B,0x130CCA,2,,,message-object key to handler wrapper/function and class
Dispatch/wrapper table,184,0x0222E0,0x907C,0x130CB0,2,,,message-object key to handler wrapper/function and class
Dispatch/wrapper table,185,0x0222EC,0x907D,0x1312DC,1,,,message-object key to handler wrapper/function and class
Dispatch/wrapper table,186,0x0222F8,0x907E,0x1312C2,1,,,message-object key to handler wrapper/function and class
Dispatch/wrapper table,187,0x022304,0x907F,0x1312A8,1,,,message-object key to handler wrapper/function and class
Dispatch/wrapper table,188,0x022310,0x9080,0x13128E,1,Group A[12] 0x420 flags=0x0E000; Group A[13] 0x420 flags=0x0A000; Group A[14] 0x420 flags=0x06000; Group A[15] 0x420 flags=0x00000,,message-object key to handler wrapper/function and class
Dispatch/wrapper table,189,0x02231C,0x9081,0x131274,1,Group A[11] 0x420 flags=0x14000,,message-object key to handler wrapper/function and class
Dispatch/wrapper table,190,0x022328,0x9082,0x13125A,1,,,message-object key to handler wrapper/function and class
Dispatch/wrapper table,191,0x022334,0x9083,0x131240,1,,,message-object key to handler wrapper/function and class
Dispatch/wrapper table,192,0x022340,0x9084,0x131226,1,,,message-object key to handler wrapper/function and class
Dispatch/wrapper table,193,0x02234C,0x9085,0x13120C,1,Group A[10] 0x421 flags=0x18000,,message-object key to handler wrapper/function and class
Dispatch/wrapper table,194,0x022358,0x9086,0x1311F2,1,,,message-object key to handler wrapper/function and class
Dispatch/wrapper table,195,0x022364,0x9087,0x1311D8,1,,,message-object key to handler wrapper/function and class
Dispatch/wrapper table,196,0x022370,0x9088,0x1311BE,1,,,message-object key to handler wrapper/function and class
Dispatch/wrapper table,197,0x02237C,0x9089,0x1311A4,1,,,message-object key to handler wrapper/function and class
Dispatch/wrapper table,198,0x022388,0x908A,0x13118A,1,,,message-object key to handler wrapper/function and class
Dispatch/wrapper table,199,0x022394,0x908B,0x131170,1,,,message-object key to handler wrapper/function and class
Dispatch/wrapper table,200,0x0223A0,0x908C,0x131156,1,,,message-object key to handler wrapper/function and class
Dispatch/wrapper table,201,0x0223AC,0x908D,0x13113C,1,,,message-object key to handler wrapper/function and class
Dispatch/wrapper table,202,0x0223B8,0x908E,0x131122,1,,,message-object key to handler wrapper/function and class
Dispatch/wrapper table,203,0x0223C4,0x908F,0x131108,1,,,message-object key to handler wrapper/function and class
Dispatch/wrapper table,204,0x0223D0,0x9090,0x1310EE,1,,,message-object key to handler wrapper/function and class
Dispatch/wrapper table,205,0x0223DC,0x9092,0x1319CE,1,,,message-object key to handler wrapper/function and class
Dispatch/wrapper table,206,0x0223E8,0x9094,0x12FC66,4,,,message-object key to handler wrapper/function and class
Dispatch/wrapper table,207,0x0223F4,0x9095,0x12FC44,4,,,message-object key to handler wrapper/function and class
Dispatch/wrapper table,208,0x022400,0x9096,0x12FC22,4,,,message-object key to handler wrapper/function and class
Dispatch/wrapper table,209,0x02240C,0x9097,0x12FC00,4,,,message-object key to handler wrapper/function and class
Dispatch/wrapper table,210,0x022418,0x9098,0x12FBDE,4,,,message-object key to handler wrapper/function and class
Dispatch/wrapper table,211,0x022424,0x909A,0x12FBBC,4,,,message-object key to handler wrapper/function and class
Dispatch/wrapper table,212,0x022430,0x909B,0x12FB9A,4,,,message-object key to handler wrapper/function and class
Dispatch/wrapper table,213,0x02243C,0x909C,0x130C96,2,,,message-object key to handler wrapper/function and class
Dispatch/wrapper table,214,0x022448,0x909D,0x130C7C,2,,,message-object key to handler wrapper/function and class
Dispatch/wrapper table,215,0x022454,0x909E,0x1310D4,1,,,message-object key to handler wrapper/function and class
Dispatch/wrapper table,216,0x022460,0x909F,0x1319B4,1,,,message-object key to handler wrapper/function and class
Dispatch/wrapper table,217,0x02246C,0x90A0,0x1305B4,4,,,message-object key to handler wrapper/function and class
Dispatch/wrapper table,218,0x022478,0x90A1,0x12F7FE,3,,,message-object key to handler wrapper/function and class
Dispatch/wrapper table,219,0x022484,0x90A6,0x1310BA,1,,,message-object key to handler wrapper/function and class
Dispatch/wrapper table,220,0x022490,0x90A7,0x13059A,4,,,message-object key to handler wrapper/function and class
Dispatch/wrapper table,221,0x02249C,0x90A8,0x130580,4,,,message-object key to handler wrapper/function and class
Dispatch/wrapper table,222,0x0224A8,0x90A9,0x130566,4,,,message-object key to handler wrapper/function and class
Dispatch/wrapper table,223,0x0224B4,0x90AA,0x13054C,4,,,message-object key to handler wrapper/function and class
Dispatch/wrapper table,224,0x0224C0,0x90AB,0x130532,4,,,message-object key to handler wrapper/function and class
Dispatch/wrapper table,225,0x0224CC,0x90AC,0x130518,4,Group A[9] 0x42B flags=0x0A000,,message-object key to handler wrapper/function and class
Dispatch/wrapper table,226,0x0224D8,0x90AD,0x1304FE,4,,,message-object key to handler wrapper/function and class
Dispatch/wrapper table,227,0x0224E4,0x90AE,0x1304E4,4,Group A[8] 0x42B flags=0x2C000,,message-object key to handler wrapper/function and class
Dispatch/wrapper table,228,0x0224F0,0x90AF,0x12FB78,4,,,message-object key to handler wrapper/function and class
Dispatch/wrapper table,229,0x0224FC,0x90B0,0x1310A0,1,,,message-object key to handler wrapper/function and class
Dispatch/wrapper table,230,0x022508,0x90B1,0x130C62,2,,,message-object key to handler wrapper/function and class
Dispatch/wrapper table,231,0x022514,0x90B2,0x130C48,2,,,message-object key to handler wrapper/function and class
Dispatch/wrapper table,232,0x022520,0x90B3,0x13199A,1,,,message-object key to handler wrapper/function and class
Dispatch/wrapper table,233,0x02252C,0x90B4,0x130C2E,2,,,message-object key to handler wrapper/function and class
Dispatch/wrapper table,234,0x022538,0x90B5,0x130C14,2,,,message-object key to handler wrapper/function and class
Dispatch/wrapper table,235,0x022544,0x90B6,0x12FB56,4,,,message-object key to handler wrapper/function and class
Dispatch/wrapper table,236,0x022550,0x90B7,0x12FB34,4,,,message-object key to handler wrapper/function and class
Dispatch/wrapper table,237,0x02255C,0x90B9,0x130BFA,2,,,message-object key to handler wrapper/function and class
Dispatch/wrapper table,238,0x022568,0x90BA,0x134504,1,,,message-object key to handler wrapper/function and class
Dispatch/wrapper table,239,0x022574,0x90C0,0x12FB12,4,,,message-object key to handler wrapper/function and class
Dispatch/wrapper table,240,0x022580,0x90C1,0x12FAF0,4,,,message-object key to handler wrapper/function and class
Dispatch/wrapper table,241,0x02258C,0x90C2,0x12FACE,4,,,message-object key to handler wrapper/function and class
Dispatch/wrapper table,242,0x022598,0x90C3,0x12FAAC,4,,,message-object key to handler wrapper/function and class
Dispatch/wrapper table,243,0x0225A4,0x90C4,0x12FA8A,4,,,message-object key to handler wrapper/function and class
Dispatch/wrapper table,244,0x0225B0,0x90C5,0x12FA68,4,,,message-object key to handler wrapper/function and class
Dispatch/wrapper table,245,0x0225BC,0x90C7,0x12FA46,4,,,message-object key to handler wrapper/function and class
Dispatch/wrapper table,246,0x0225C8,0x90C9,0x131086,1,,,message-object key to handler wrapper/function and class
Dispatch/wrapper table,247,0x0225D4,0x90CA,0x131980,1,,,message-object key to handler wrapper/function and class
Dispatch/wrapper table,248,0x0225E0,0x90CB,0x1304CA,4,,,message-object key to handler wrapper/function and class
Dispatch/wrapper table,249,0x0225EC,0x90CC,0x1344D0,1,,,message-object key to handler wrapper/function and class
Dispatch/wrapper table,250,0x0225F8,0x90CD,0x13449C,1,,,message-object key to handler wrapper/function and class
Dispatch/wrapper table,251,0x022604,0x90CF,0x131966,1,,,message-object key to handler wrapper/function and class
Dispatch/wrapper table,252,0x022610,0x90D0,0x1304B0,4,,,message-object key to handler wrapper/function and class
Dispatch/wrapper table,253,0x02261C,0x90D1,0x13106C,1,,,message-object key to handler wrapper/function and class
Dispatch/wrapper table,254,0x022628,0x90D2,0x131052,1,,,message-object key to handler wrapper/function and class
Dispatch/wrapper table,255,0x022634,0x90D3,0x13194C,1,,,message-object key to handler wrapper/function and class
Dispatch/wrapper table,256,0x022640,0x90D4,0x132EFC,1,,,message-object key to handler wrapper/function and class
Dispatch/wrapper table,257,0x02264C,0x90D5,0x130BE0,2,,,message-object key to handler wrapper/function and class
Dispatch/wrapper table,258,0x022658,0x90D8,0x131932,1,,,message-object key to handler wrapper/function and class
Dispatch/wrapper table,259,0x022664,0x90D9,0x130BC6,2,,,message-object key to handler wrapper/function and class
Dispatch/wrapper table,260,0x022670,0x90DA,0x131918,1,,,message-object key to handler wrapper/function and class
Dispatch/wrapper table,261,0x02267C,0x90DB,0x130BAC,2,,,message-object key to handler wrapper/function and class
Dispatch/wrapper table,262,0x022688,0x90DD,0x1318FE,1,,,message-object key to handler wrapper/function and class
Dispatch/wrapper table,263,0x022694,0x90DE,0x1318E4,1,,,message-object key to handler wrapper/function and class
Dispatch/wrapper table,264,0x0226A0,0x90DF,0x1318CA,1,,,message-object key to handler wrapper/function and class
Dispatch/wrapper table,265,0x0226AC,0x90E0,0x1318B0,1,,,message-object key to handler wrapper/function and class
Dispatch/wrapper table,266,0x0226B8,0x90E1,0x131896,1,,,message-object key to handler wrapper/function and class
Dispatch/wrapper table,267,0x0226C4,0x90E2,0x132EA4,1,,,message-object key to handler wrapper/function and class
Dispatch/wrapper table,268,0x0226D0,0x90E3,0x132E4C,1,,,message-object key to handler wrapper/function and class
Dispatch/wrapper table,269,0x0226DC,0x90E4,0x132DF4,1,,,message-object key to handler wrapper/function and class
Dispatch/wrapper table,270,0x0226E8,0x90E5,0x134448,1,,,message-object key to handler wrapper/function and class
Dispatch/wrapper table,271,0x0226F4,0x90E6,0x13187C,1,,,message-object key to handler wrapper/function and class
Dispatch/wrapper table,272,0x022700,0x90E7,0x131862,1,,,message-object key to handler wrapper/function and class
Dispatch/wrapper table,273,0x02270C,0x90EF,0x134414,1,,,message-object key to handler wrapper/function and class
Dispatch/wrapper table,274,0x022718,0x90F2,0x1343E0,1,,,message-object key to handler wrapper/function and class
Dispatch/wrapper table,275,0x022724,0x90F5,0x130496,4,,,message-object key to handler wrapper/function and class
Dispatch/wrapper table,276,0x022730,0x90F6,0x13047C,4,,,message-object key to handler wrapper/function and class
Dispatch/wrapper table,277,0x02273C,0x90F7,0x130B90,2,,,message-object key to handler wrapper/function and class
Dispatch/wrapper table,278,0x022748,0x90F8,0x130B76,2,,,message-object key to handler wrapper/function and class
Dispatch/wrapper table,279,0x022754,0x90F9,0x130B5A,2,,,message-object key to handler wrapper/function and class
Dispatch/wrapper table,280,0x022760,0x90FA,0x130B3E,2,,,message-object key to handler wrapper/function and class
Dispatch/wrapper table,281,0x02276C,0x90FB,0x130B22,2,,,message-object key to handler wrapper/function and class
Dispatch/wrapper table,282,0x022778,0x90FC,0x131036,1,,,message-object key to handler wrapper/function and class
Dispatch/wrapper table,283,0x022784,0x90FD,0x130B06,2,,,message-object key to handler wrapper/function and class
Dispatch/wrapper table,284,0x022790,0x90FE,0x130AEA,2,,,message-object key to handler wrapper/function and class
Dispatch/wrapper table,285,0x02279C,0x90FF,0x130ACE,2,,,message-object key to handler wrapper/function and class
Dispatch/wrapper table,286,0x0227A8,0x9100,0x131848,1,,,message-object key to handler wrapper/function and class
Dispatch/wrapper table,287,0x0227B4,0x9101,0x13182E,1,,,message-object key to handler wrapper/function and class
Dispatch/wrapper table,288,0x0227C0,0x9102,0x131814,1,,,message-object key to handler wrapper/function and class
Dispatch/wrapper table,289,0x0227CC,0x9103,0x1317FA,1,,,message-object key to handler wrapper/function and class
Dispatch/wrapper table,290,0x0227D8,0x9104,0x130AB4,2,,,message-object key to handler wrapper/function and class
Dispatch/wrapper table,291,0x0227E4,0x9105,0x130A9A,2,,,message-object key to handler wrapper/function and class
Dispatch/wrapper table,292,0x0227F0,0x9106,0x130A80,2,,,message-object key to handler wrapper/function and class
Dispatch/wrapper table,293,0x0227FC,0x9107,0x130A66,2,,,message-object key to handler wrapper/function and class
Dispatch/wrapper table,294,0x022808,0x9108,0x130A4C,2,,,message-object key to handler wrapper/function and class
Dispatch/wrapper table,295,0x022814,0x9109,0x130A32,2,,,message-object key to handler wrapper/function and class
Dispatch/wrapper table,296,0x022820,0x910A,0x130A18,2,,,message-object key to handler wrapper/function and class
Dispatch/wrapper table,297,0x02282C,0x910B,0x1309FE,2,,,message-object key to handler wrapper/function and class
Dispatch/wrapper table,298,0x022838,0x910C,0x1309E4,2,,,message-object key to handler wrapper/function and class
Dispatch/wrapper table,299,0x022844,0x910D,0x1309CA,2,,,message-object key to handler wrapper/function and class
Dispatch/wrapper table,300,0x022850,0x910E,0x1309B0,2,,,message-object key to handler wrapper/function and class
Dispatch/wrapper table,301,0x02285C,0x910F,0x130996,2,,,message-object key to handler wrapper/function and class
Dispatch/wrapper table,302,0x022868,0x9110,0x13097C,2,,,message-object key to handler wrapper/function and class
Dispatch/wrapper table,303,0x022874,0x9111,0x130962,2,,,message-object key to handler wrapper/function and class
Dispatch/wrapper table,304,0x022880,0x9112,0x13438C,1,,,message-object key to handler wrapper/function and class
Dispatch/wrapper table,305,0x02288C,0x9113,0x134338,1,,,message-object key to handler wrapper/function and class
Dispatch/wrapper table,306,0x022898,0xC000,0x13218C,7,,,message-object key to handler wrapper/function and class
Dispatch/wrapper table,307,0x0228A4,0xC010,0x135556,4,,,message-object key to handler wrapper/function and class
Dispatch/wrapper table,308,0x0228B0,0xC020,0x1350A4,6,,,message-object key to handler wrapper/function and class
Dispatch/wrapper table,309,0x0228BC,0xC021,0x13506A,6,,,message-object key to handler wrapper/function and class
Dispatch/wrapper table,310,0x0228C8,0xC022,0x135030,6,,,message-object key to handler wrapper/function and class
Dispatch/wrapper table,311,0x0228D4,0xC023,0x134FF6,6,,,message-object key to handler wrapper/function and class
Dispatch/wrapper table,312,0x0228E0,0xC024,0x134FBC,6,,,message-object key to handler wrapper/function and class
Dispatch/wrapper table,313,0x0228EC,0xC025,0x134F82,6,,,message-object key to handler wrapper/function and class
Dispatch/wrapper table,314,0x0228F8,0xC026,0x134F48,6,,,message-object key to handler wrapper/function and class
Dispatch/wrapper table,315,0x022904,0xC027,0x134F0E,6,,,message-object key to handler wrapper/function and class
Dispatch/wrapper table,316,0x022910,0xC028,0x134ED4,6,,,message-object key to handler wrapper/function and class
Dispatch/wrapper table,317,0x02291C,0xC029,0x134E9A,6,,,message-object key to handler wrapper/function and class
Dispatch/wrapper table,318,0x022928,0xC02A,0x134E60,6,,,message-object key to handler wrapper/function and class
Dispatch/wrapper table,319,0x022934,0xC02B,0x134E36,4,,,message-object key to handler wrapper/function and class
Dispatch/wrapper table,320,0x022940,0xC02C,0x134E0C,4,,,message-object key to handler wrapper/function and class
Dispatch/wrapper table,321,0x02294C,0xC02D,0x134DD2,6,,,message-object key to handler wrapper/function and class
Dispatch/wrapper table,322,0x022958,0xC02E,0x134DB8,2,,,message-object key to handler wrapper/function and class
Dispatch/wrapper table,323,0x022964,0xC030,0x132114,7,,,message-object key to handler wrapper/function and class
Dispatch/wrapper table,324,0x022970,0xC040,0x135528,4,,,message-object key to handler wrapper/function and class
Dispatch/wrapper table,325,0x02297C,0xC041,0x1354FA,4,,,message-object key to handler wrapper/function and class
Dispatch/wrapper table,326,0x022988,0xC042,0x1354CC,4,,,message-object key to handler wrapper/function and class
Dispatch/wrapper table,327,0x022994,0xC043,0x13549E,4,,,message-object key to handler wrapper/function and class
Dispatch/wrapper table,328,0x0229A0,0xC044,0x135470,4,,,message-object key to handler wrapper/function and class
Dispatch/wrapper table,329,0x0229AC,0xC045,0x135442,4,,,message-object key to handler wrapper/function and class
Dispatch/wrapper table,330,0x0229B8,0xC046,0x135414,4,,,message-object key to handler wrapper/function and class
Dispatch/wrapper table,331,0x0229C4,0xC047,0x1353E6,4,,,message-object key to handler wrapper/function and class
Dispatch/wrapper table,332,0x0229D0,0xC048,0x1353B8,4,,,message-object key to handler wrapper/function and class
Dispatch/wrapper table,333,0x0229DC,0xC049,0x13538A,4,,,message-object key to handler wrapper/function and class
Dispatch/wrapper table,334,0x0229E8,0xC04A,0x13535C,4,,,message-object key to handler wrapper/function and class
Dispatch/wrapper table,335,0x0229F4,0xC04B,0x13532E,4,,,message-object key to handler wrapper/function and class
Dispatch/wrapper table,336,0x022A00,0xC04C,0x135300,4,,,message-object key to handler wrapper/function and class
Dispatch/wrapper table,337,0x022A0C,0xC04D,0x1352D2,4,,,message-object key to handler wrapper/function and class
Dispatch/wrapper table,338,0x022A18,0xC04E,0x1352A4,4,,,message-object key to handler wrapper/function and class
Dispatch/wrapper table,339,0x022A24,0xC04F,0x135276,4,,,message-object key to handler wrapper/function and class
Dispatch/wrapper table,340,0x022A30,0xC050,0x135248,4,,,message-object key to handler wrapper/function and class
Dispatch/wrapper table,341,0x022A3C,0xC051,0x13521A,4,,,message-object key to handler wrapper/function and class
Dispatch/wrapper table,342,0x022A48,0xC052,0x1351EC,4,,,message-object key to handler wrapper/function and class
Dispatch/wrapper table,343,0x022A54,0xC053,0x1351BE,4,,,message-object key to handler wrapper/function and class
Dispatch/wrapper table,344,0x022A60,0xC054,0x135190,4,,,message-object key to handler wrapper/function and class
Dispatch/wrapper table,345,0x022A6C,0xC055,0x135162,4,,,message-object key to handler wrapper/function and class
Dispatch/wrapper table,346,0x022A78,0xC056,0x135134,4,,,message-object key to handler wrapper/function and class
Dispatch/wrapper table,347,0x022A84,0xC05C,0x130462,4,,,message-object key to handler wrapper/function and class
Dispatch/wrapper table,348,0x022A90,0xC05D,0x130448,4,,,message-object key to handler wrapper/function and class
Dispatch/wrapper table,349,0x022A9C,0xC05E,0x13042E,4,,,message-object key to handler wrapper/function and class
Dispatch/wrapper table,350,0x022AA8,0xC05F,0x130414,4,,,message-object key to handler wrapper/function and class
Dispatch/wrapper table,351,0x022AB4,0xC061,0x1302E6,4,,,message-object key to handler wrapper/function and class
Dispatch/wrapper table,352,0x022AC0,0xC063,0x1317E0,1,,,message-object key to handler wrapper/function and class
Dispatch/wrapper table,353,0x022ACC,0xC070,0x12F7C4,5,,,message-object key to handler wrapper/function and class
Dispatch/wrapper table,354,0x022AD8,0xC071,0x1302AC,6,,,message-object key to handler wrapper/function and class
Dispatch/wrapper table,355,0x022AE4,0xC072,0x130272,6,,,message-object key to handler wrapper/function and class
Dispatch/wrapper table,356,0x022AF0,0xC073,0x1317C6,1,,,message-object key to handler wrapper/function and class
Dispatch/wrapper table,357,0x022AFC,0xC074,0x1317AC,1,,,message-object key to handler wrapper/function and class
Dispatch/wrapper table,358,0x022B08,0xC075,0x131792,1,,,message-object key to handler wrapper/function and class
Dispatch/wrapper table,359,0x022B14,0xC076,0x131778,1,,,message-object key to handler wrapper/function and class
Dispatch/wrapper table,360,0x022B20,0xC089,0x134304,1,,,message-object key to handler wrapper/function and class
Dispatch/wrapper table,361,0x022B2C,0xC08A,0x1303FA,4,,,message-object key to handler wrapper/function and class
Dispatch/wrapper table,362,0x022B38,0xC090,0x1342B0,1,,,message-object key to handler wrapper/function and class
Dispatch/wrapper table,363,0x022B44,0xC093,0x13425C,1,,,message-object key to handler wrapper/function and class
Dispatch/wrapper table,364,0x022B50,0xC0D0,0x134228,1,,,message-object key to handler wrapper/function and class
Dispatch/wrapper table,365,0x022B5C,0xC0D1,0x12FA24,4,,,message-object key to handler wrapper/function and class
Dispatch/wrapper table,366,0x022B68,0xC0D3,0x132D9C,1,,,message-object key to handler wrapper/function and class
Dispatch/wrapper table,367,0x022B74,0xC0D4,0x13172E,4,,,message-object key to handler wrapper/function and class
Dispatch/wrapper table,368,0x022B80,0xC0D5,0x1316E4,4,,,message-object key to handler wrapper/function and class
Dispatch/wrapper table,369,0x022B8C,0xC102,0x1341F4,1,,,message-object key to handler wrapper/function and class
Dispatch/wrapper table,370,0x022B98,0xC103,0x1341C0,1,,,message-object key to handler wrapper/function and class
Dispatch/wrapper table,371,0x022BA4,0xC105,0x13418C,1,,,message-object key to handler wrapper/function and class
Dispatch/wrapper table,372,0x022BB0,0xC106,0x132D44,1,,,message-object key to handler wrapper/function and class
Dispatch/wrapper table,373,0x022BBC,0xC107,0x12F794,5,,,message-object key to handler wrapper/function and class
Dispatch/wrapper table,374,0x022BC8,0xC108,0x13101A,1,,,message-object key to handler wrapper/function and class
Dispatch/wrapper table,375,0x022BD4,0xC109,0x12F73E,3,,,message-object key to handler wrapper/function and class
Dispatch/wrapper table,376,0x022BE0,0xC10C,0x12FA02,4,,,message-object key to handler wrapper/function and class
Dispatch/wrapper table,377,0x022BEC,0xC10D,0x132CEC,1,,,message-object key to handler wrapper/function and class
Dispatch/wrapper table,378,0x022BF8,0xC10E,0x130948,2,,,message-object key to handler wrapper/function and class
Dispatch/wrapper table,379,0x022C04,0xC150,0x12F9E0,4,,,message-object key to handler wrapper/function and class
Dispatch/wrapper table,380,0x022C10,0xCA01,0x134158,1,,,message-object key to handler wrapper/function and class
Dispatch/wrapper table,381,0x022C1C,0xCA02,0x132C94,1,,,message-object key to handler wrapper/function and class
Dispatch/wrapper table,382,0x022C28,0xCA03,0x134104,1,,,message-object key to handler wrapper/function and class
Dispatch/wrapper table,383,0x022C34,0xCA04,0x132C3C,1,,,message-object key to handler wrapper/function and class
Dispatch/wrapper table,384,0x022C40,0xCA05,0x1340C0,1,,,message-object key to handler wrapper/function and class
Dispatch/wrapper table,385,0x022C4C,0xCA07,0x1303E0,4,,,message-object key to handler wrapper/function and class
Dispatch/wrapper table,386,0x022C58,0xCA08,0x13407C,1,,,message-object key to handler wrapper/function and class
Dispatch/wrapper table,387,0x022C64,0xCA09,0x132BE4,1,,,message-object key to handler wrapper/function and class
Dispatch/wrapper table,388,0x022C70,0xCA10,0x13092C,2,,,message-object key to handler wrapper/function and class
Dispatch/wrapper table,389,0x022C7C,0xCA11,0x130912,2,,,message-object key to handler wrapper/function and class
Dispatch/wrapper table,390,0x022C88,0xCA13,0x12F712,2,,,message-object key to handler wrapper/function and class
Dispatch/wrapper table,391,0x022C94,0xCA15,0x1308F6,2,,,message-object key to handler wrapper/function and class
Dispatch/wrapper table,392,0x022CA0,0xCA16,0x130FFE,1,,,message-object key to handler wrapper/function and class
Dispatch/wrapper table,393,0x022CAC,0xCA17,0x1308DC,2,,,message-object key to handler wrapper/function and class
Dispatch/wrapper table,394,0x022CB8,0xCA18,0x1316CA,1,,,message-object key to handler wrapper/function and class
Dispatch/wrapper table,395,0x022CC4,0xCA19,0x12F6E4,3,,,message-object key to handler wrapper/function and class
Dispatch/wrapper table,396,0x022CD0,0xCA20,0x1303C6,4,,,message-object key to handler wrapper/function and class
Dispatch/wrapper table,397,0x022CDC,0xCA29,0x1308C2,2,,,message-object key to handler wrapper/function and class
Dispatch/wrapper table,398,0x022CE8,0xCA31,0x12F680,4,,,message-object key to handler wrapper/function and class
Dispatch/wrapper table,399,0x022CF4,0xCA32,0x12F60C,5,,,message-object key to handler wrapper/function and class
Dispatch/wrapper table,400,0x022D00,0xCA33,0x1308A8,2,,,message-object key to handler wrapper/function and class
Dispatch/wrapper table,401,0x022D0C,0xCA34,0x1303AC,4,,,message-object key to handler wrapper/function and class
Dispatch/wrapper table,402,0x022D18,0xCA35,0x12F5E0,3,,,message-object key to handler wrapper/function and class
Dispatch/wrapper table,403,0x022D24,0xCA36,0x12F5C0,4,,,message-object key to handler wrapper/function and class
Dispatch/wrapper table,404,0x022D30,0xCA38,0x1355E0,4,,,message-object key to handler wrapper/function and class
Dispatch/wrapper table,405,0x022D3C,0xCA39,0x134048,1,,,message-object key to handler wrapper/function and class
Dispatch/wrapper table,406,0x022D48,0xCA3A,0x1316B0,1,,,message-object key to handler wrapper/function and class
Dispatch/wrapper table,407,0x022D54,0xCA3B,0x12F566,6,,,message-object key to handler wrapper/function and class
Dispatch/wrapper table,408,0x022D60,0xCA3C,0x12F4F2,3,,,message-object key to handler wrapper/function and class
Dispatch/wrapper table,409,0x022D6C,0xCA3D,0x131636,7,,,message-object key to handler wrapper/function and class
Dispatch/wrapper table,410,0x022D78,0xCA3E,0x13088E,2,,,message-object key to handler wrapper/function and class
Dispatch/wrapper table,411,0x022D84,0xCA43,0x130248,4,,,message-object key to handler wrapper/function and class
Dispatch/wrapper table,412,0x022D90,0xCA44,0x132B8C,1,,,message-object key to handler wrapper/function and class
Dispatch/wrapper table,413,0x022D9C,0xCA46,0x13020E,6,,,message-object key to handler wrapper/function and class
Dispatch/wrapper table,414,0x022DA8,0xCA47,0x1301D4,6,,,message-object key to handler wrapper/function and class
Dispatch/wrapper table,415,0x022DB4,0xCA48,0x13019A,6,,,message-object key to handler wrapper/function and class
Dispatch/wrapper table,416,0x022DC0,0xCA49,0x130160,6,,,message-object key to handler wrapper/function and class
Dispatch/wrapper table,417,0x022DCC,0xCA4A,0x130126,6,,,message-object key to handler wrapper/function and class
Dispatch/wrapper table,418,0x022DD8,0xCA4B,0x1300EC,6,,,message-object key to handler wrapper/function and class
Dispatch/wrapper table,419,0x022DE4,0xCA4C,0x1300B2,6,,,message-object key to handler wrapper/function and class
Dispatch/wrapper table,420,0x022DF0,0xCA4D,0x130078,6,,,message-object key to handler wrapper/function and class
Dispatch/wrapper table,421,0x022DFC,0xCA4E,0x13003E,6,,,message-object key to handler wrapper/function and class
Dispatch/wrapper table,422,0x022E08,0xCA4F,0x130004,6,,,message-object key to handler wrapper/function and class
Dispatch/wrapper table,423,0x022E14,0xCA50,0x12FFDA,4,,,message-object key to handler wrapper/function and class
Dispatch/wrapper table,424,0x022E20,0xCA51,0x130392,4,,,message-object key to handler wrapper/function and class
Dispatch/wrapper table,425,0x022E2C,0xCA52,0x130378,4,,,message-object key to handler wrapper/function and class
Dispatch/wrapper table,426,0x022E38,0xCA53,0x13035E,4,,,message-object key to handler wrapper/function and class
Dispatch/wrapper table,427,0x022E44,0xCA54,0x130344,4,,,message-object key to handler wrapper/function and class
Dispatch/wrapper table,428,0x022E50,0xCA56,0x12FFB0,4,,,message-object key to handler wrapper/function and class
Dispatch/wrapper table,429,0x022E5C,0xCA76,0x13032A,4,,,message-object key to handler wrapper/function and class
Dispatch/wrapper table,430,0x022E68,0xCA77,0x130874,2,,,message-object key to handler wrapper/function and class
Dispatch/wrapper table,431,0x022E74,0xCA78,0x13085A,2,,,message-object key to handler wrapper/function and class
Dispatch/wrapper table,432,0x022E80,0xCA79,0x130840,2,,,message-object key to handler wrapper/function and class
Dispatch/wrapper table,433,0x022E8C,0xCA7A,0x130826,2,,,message-object key to handler wrapper/function and class
Dispatch/wrapper table,434,0x022E98,0xCA7C,0x13080C,2,,,message-object key to handler wrapper/function and class
Dispatch/wrapper table,435,0x022EA4,0xCA7D,0x1307F0,2,,,message-object key to handler wrapper/function and class
Dispatch/wrapper table,436,0x022EB0,0xCA7F,0x12FF76,6,,,message-object key to handler wrapper/function and class
Dispatch/wrapper table,437,0x022EBC,0xCA81,0x130FE4,1,,,message-object key to handler wrapper/function and class
Dispatch/wrapper table,438,0x022EC8,0xCA83,0x12FF3C,6,,,message-object key to handler wrapper/function and class
Dispatch/wrapper table,439,0x022ED4,0xCA87,0x1307D6,2,,,message-object key to handler wrapper/function and class
Dispatch/wrapper table,440,0x022EE0,0xCA8E,0x12F9BE,4,,,message-object key to handler wrapper/function and class
Dispatch/wrapper table,441,0x022EEC,0xCA8F,0x12F99C,4,,,message-object key to handler wrapper/function and class
Dispatch/wrapper table,442,0x022EF8,0xCA90,0x12F97A,4,,,message-object key to handler wrapper/function and class
Dispatch/wrapper table,443,0x022F04,0xCA91,0x1307BC,2,,,message-object key to handler wrapper/function and class
Dispatch/wrapper table,444,0x022F10,0xCA92,0x134014,1,,,message-object key to handler wrapper/function and class
Dispatch/wrapper table,445,0x022F1C,0xCA93,0x132B34,1,,,message-object key to handler wrapper/function and class
Dispatch/wrapper table,446,0x022F28,0xCA94,0x132ADC,1,,,message-object key to handler wrapper/function and class
Dispatch/wrapper table,447,0x022F34,0xCA99,0x130FCA,1,,,message-object key to handler wrapper/function and class
Dispatch/wrapper table,448,0x022F40,0xCA9A,0x130FB0,1,,,message-object key to handler wrapper/function and class
Dispatch/wrapper table,449,0x022F4C,0xCA9B,0x130F96,1,,,message-object key to handler wrapper/function and class
Dispatch/wrapper table,450,0x022F58,0xCAA7,0x1307A2,2,,,message-object key to handler wrapper/function and class
Dispatch/wrapper table,451,0x022F64,0xCAA8,0x12F958,4,,,message-object key to handler wrapper/function and class
Dispatch/wrapper table,452,0x022F70,0xCB00,0x132A84,1,,,message-object key to handler wrapper/function and class
Dispatch/wrapper table,453,0x022F7C,0xCB01,0x133FB0,1,,,message-object key to handler wrapper/function and class
Dispatch/wrapper table,454,0x022F88,0xCB02,0x13161C,1,,,message-object key to handler wrapper/function and class
Dispatch/wrapper table,455,0x022F94,0xCB04,0x133F7C,1,,,message-object key to handler wrapper/function and class
Dispatch/wrapper table,456,0x022FA0,0xCB07,0x12FF02,6,,,message-object key to handler wrapper/function and class
Dispatch/wrapper table,457,0x022FAC,0xCB09,0x132A2C,1,,,message-object key to handler wrapper/function and class
Dispatch/wrapper table,458,0x022FB8,0xCB0A,0x130788,2,,,message-object key to handler wrapper/function and class
Dispatch/wrapper table,459,0x022FC4,0xCB0B,0x133F48,1,,,message-object key to handler wrapper/function and class
Dispatch/wrapper table,460,0x022FD0,0xCB0C,0x13076E,2,,,message-object key to handler wrapper/function and class
Dispatch/wrapper table,461,0x022FDC,0xCB0D,0x12FED8,4,,,message-object key to handler wrapper/function and class
Dispatch/wrapper table,462,0x022FE8,0xCB0F,0x12F49E,5,,,message-object key to handler wrapper/function and class
Dispatch/wrapper table,463,0x022FF4,0xCB10,0x12FEAE,4,,,message-object key to handler wrapper/function and class
Dispatch/wrapper table,464,0x023000,0xCB11,0x12FE84,5,,,message-object key to handler wrapper/function and class
Dispatch/wrapper table,465,0x02300C,0xCB12,0x12F42E,6,,,message-object key to handler wrapper/function and class
Dispatch/wrapper table,466,0x023018,0xCB13,0x12F3EA,5,,,message-object key to handler wrapper/function and class
Dispatch/wrapper table,467,0x023024,0xCB14,0x133F04,1,,,message-object key to handler wrapper/function and class
Dispatch/wrapper table,468,0x023030,0xCB15,0x132334,2,,,message-object key to handler wrapper/function and class
Dispatch/wrapper table,469,0x02303C,0xCB16,0x12F936,4,,,message-object key to handler wrapper/function and class
Dispatch/wrapper table,470,0x023048,0xCB17,0x12F914,4,,,message-object key to handler wrapper/function and class
Dispatch/wrapper table,471,0x023054,0xCB18,0x12F8F2,4,,,message-object key to handler wrapper/function and class
Dispatch/wrapper table,472,0x023060,0xCB19,0x12F8D0,4,,,message-object key to handler wrapper/function and class
Dispatch/wrapper table,473,0x02306C,0xCB1A,0x12FE5A,4,,,message-object key to handler wrapper/function and class
Dispatch/wrapper table,474,0x023078,0xCB1B,0x133ED0,1,,,message-object key to handler wrapper/function and class
Dispatch/wrapper table,475,0x023084,0xCB1C,0x13229C,2,,,message-object key to handler wrapper/function and class
Dispatch/wrapper table,476,0x023090,0xCB1D,0x1329D4,1,,,message-object key to handler wrapper/function and class
Dispatch/wrapper table,477,0x02309C,0xCB1E,0x12F2FE,3,,,message-object key to handler wrapper/function and class
Dispatch/wrapper table,478,0x0230A8,0xCB1F,0x12F2C4,3,,,message-object key to handler wrapper/function and class
Dispatch/wrapper table,479,0x0230B4,0xCB20,0x131602,1,,,message-object key to handler wrapper/function and class
Dispatch/wrapper table,480,0x0230C0,0xCB21,0x133E9C,1,,,message-object key to handler wrapper/function and class
Dispatch/wrapper table,481,0x0230CC,0xCB22,0x1315E8,1,,,message-object key to handler wrapper/function and class
Dispatch/wrapper table,482,0x0230D8,0xCB23,0x1315CE,1,,,message-object key to handler wrapper/function and class
Dispatch/wrapper table,483,0x0230E4,0xCB24,0x1315B4,1,,,message-object key to handler wrapper/function and class
Dispatch/wrapper table,484,0x0230F0,0xCB25,0x13297C,1,,,message-object key to handler wrapper/function and class
Dispatch/wrapper table,485,0x0230FC,0xCB28,0x12FE30,4,,,message-object key to handler wrapper/function and class
Dispatch/wrapper table,486,0x023108,0xCB29,0x12FDF6,6,,,message-object key to handler wrapper/function and class
Dispatch/wrapper table,487,0x023114,0xCB2A,0x12FDBC,6,,,message-object key to handler wrapper/function and class
Dispatch/wrapper table,488,0x023120,0xCB2B,0x12FD82,6,,,message-object key to handler wrapper/function and class
Dispatch/wrapper table,489,0x02312C,0xCB2C,0x12FD48,6,,,message-object key to handler wrapper/function and class
Dispatch/wrapper table,490,0x023138,0xCB2D,0x133E48,1,,,message-object key to handler wrapper/function and class
Dispatch/wrapper table,491,0x023144,0xCB30,0x12F28A,6,,,message-object key to handler wrapper/function and class
Dispatch/wrapper table,492,0x023150,0xCB31,0x12F260,5,,,message-object key to handler wrapper/function and class
Dispatch/wrapper table,493,0x02315C,0xCB33,0x132924,1,,,message-object key to handler wrapper/function and class
Dispatch/wrapper table,494,0x023168,0xCB34,0x133DF4,1,,,message-object key to handler wrapper/function and class
Dispatch/wrapper table,495,0x023174,0xCB36,0x132204,2,,,message-object key to handler wrapper/function and class
Dispatch/wrapper table,496,0x023180,0xCB37,0x130754,2,,,message-object key to handler wrapper/function and class
Dispatch/wrapper table,497,0x02318C,0xCC00,0x12F1BE,4,,,message-object key to handler wrapper/function and class
Dispatch/wrapper table,498,0x023198,0xCC03,0x12FD0E,6,,,message-object key to handler wrapper/function and class
Dispatch/wrapper table,499,0x0231A4,0xCC04,0x13073A,2,,,message-object key to handler wrapper/function and class
Dispatch/wrapper table,500,0x0231B0,0xCC06,0x12F8AE,4,,,message-object key to handler wrapper/function and class
Dispatch/wrapper table,501,0x0231BC,0xCC07,0x12F88C,4,,,message-object key to handler wrapper/function and class
Dispatch/wrapper table,502,0x0231C8,0xCC08,0x133DC0,1,,,message-object key to handler wrapper/function and class
Dispatch/wrapper table,503,0x0231D4,0xCC09,0x12F194,3,,,message-object key to handler wrapper/function and class
Dispatch/wrapper table,504,0x0231E0,0xCC0A,0x130720,2,,,message-object key to handler wrapper/function and class
Dispatch/wrapper table,505,0x0231EC,0xCC0B,0x133D7C,1,,,message-object key to handler wrapper/function and class
Dispatch/wrapper table,506,0x0231F8,0xCC0C,0x133D48,1,,,message-object key to handler wrapper/function and class
Dispatch/wrapper table,507,0x023204,0xCC0D,0x133D14,1,,,message-object key to handler wrapper/function and class
Dispatch/wrapper table,508,0x023210,0xCC0E,0x12F144,2,,,message-object key to handler wrapper/function and class
Dispatch/wrapper table,509,0x02321C,0xCC0F,0x13159A,1,,,message-object key to handler wrapper/function and class
Dispatch/wrapper table,510,0x023228,0xCC10,0x130F7A,1,,,message-object key to handler wrapper/function and class
Dispatch/wrapper table,511,0x023234,0xCC11,0x130310,4,,,message-object key to handler wrapper/function and class
Dispatch/wrapper table,512,0x023240,0xCC12,0x12F0CC,6,,,message-object key to handler wrapper/function and class
Dispatch/wrapper table,513,0x02324C,0xCC13,0x12F09E,4,,,message-object key to handler wrapper/function and class
